"","end_station_name","n"
"1","10101 S Stony Island Ave",4
"2","111th St - Morgan Park Metra",13
"3","2112 W Peterson Ave",1049
"4","532 E 43rd St",33
"5","63rd & Western Ave - north corner",15
"6","63rd & Western Ave - south corner",10
"7","63rd St Beach",910
"8","83rd St (Avalon Park) Metra",3
"9","900 W Harrison St",11793
"10","Abbott Park",20
"11","Aberdeen St & Jackson Blvd",11587
"12","Aberdeen St & Monroe St",10011
"13","Aberdeen St & Randolph St",11346
"14","Ada St & 113th St",72
"15","Ada St & 117th St",2
"16","Ada St & 119th St",2
"17","Ada St & 79th St",8
"18","Ada St & 95th St",1
"19","Ada St & Washington Blvd",8382
"20","Adler Planetarium",15201
"21","Al Raby School",2
"22","Albany Ave & 103rd St",4
"23","Albany Ave & 111th St - NW",5
"24","Albany Ave & 16th St",190
"25","Albany Ave & 26th St",410
"26","Albany Ave & 63rd St",27
"27","Albany Ave & Belmont Ave",504
"28","Albany Ave & Bloomingdale Ave",4923
"29","Albany Ave & Douglas Blvd",80
"30","Albany Ave & Montrose Ave",2331
"31","Altgeld Gardens",70
"32","Archer (Damen) Ave & 37th St",557
"33","Archer Ave & 43rd St",227
"34","Archer Park",11
"35","Artesian Ave & 55th St",164
"36","Artesian Ave & Hubbard St",3280
"37","Ashland Ave & 13th St",3686
"38","Ashland Ave & 45th St",7
"39","Ashland Ave & 45th St - midblock south",8
"40","Ashland Ave & 46th St",5
"41","Ashland Ave & 50th St",193
"42","Ashland Ave & 63rd St",172
"43","Ashland Ave & 66th St",67
"44","Ashland Ave & 71st St",8
"45","Ashland Ave & 73rd St",1
"46","Ashland Ave & 74th St",107
"47","Ashland Ave & 76th St",4
"48","Ashland Ave & 78th St",93
"49","Ashland Ave & Archer Ave",1347
"50","Ashland Ave & Augusta Blvd",7022
"51","Ashland Ave & Belle Plaine Ave",3408
"52","Ashland Ave & Blackhawk St",10091
"53","Ashland Ave & Chicago Ave",6549
"54","Ashland Ave & Division St",23758
"55","Ashland Ave & Garfield Blvd",135
"56","Ashland Ave & Grace St",7277
"57","Ashland Ave & Grand Ave",6169
"58","Ashland Ave & Lake St",5062
"59","Ashland Ave & McDowell Ave",480
"60","Ashland Ave & Pershing Rd",236
"61","Ashland Ave & Wellington Ave",6953
"62","Ashland Ave & Wrightwood Ave",6783
"63","Augusta Blvd & Laramie Ave",90
"64","Austin Ave & Roscoe St",7
"65","Austin Ave & Wellington Ave - midblock",6
"66","Austin Ave & Wrightwood Ave",13
"67","Austin Blvd & Chicago Ave",289
"68","Austin Blvd & Lake St",500
"69","Austin Blvd & Madison St",258
"70","Austin Blvd & North Ave",4
"71","Austin Branch Chicago Public Library",9
"72","Avenue J & 102nd St",1
"73","Avenue J & 106th St",6
"74","Avenue J & 112th St",4
"75","Avenue L & 114th St",31
"76","Avenue M & 132nd St",2
"77","Avenue O & 118th St",135
"78","Avenue O & 134th St",90
"79","Avers Ave & Archer Ave",31
"80","Avers Ave & Belmont Ave",2601
"81","Avers Ave & Irving Park Rd",24
"82","Avers Ave & Ogden Ave",1
"83","Avondale Ave & Addison St",5
"84","Avondale Ave & Irving Park Rd",2006
"85","Back of the Yards Park",2
"86","Baltimore Ave & 132nd St",3
"87","Baltimore Ave & 133rd St",4
"88","Baltimore Ave & 87th St",182
"89","Base - 2132 W Hubbard",177
"90","Base - 2132 W Hubbard Warehouse",65
"91","Bell Ave & 95th St",19
"92","Bennett Ave & 79th St",111
"93","Bennett Ave & 96th St",2
"94","Bensley Ave & 103rd St",2
"95","Benson Ave & Church St",5511
"96","Bernard St & Elston Ave",2155
"97","Big Marsh Park",228
"98","Bishop St & 46th St",13
"99","Bissell St & Armitage Ave",6933
"100","Bissell St & Armitage Ave - Charging",21
"101","Bissell St & Armitage Ave*",12946
"102","Blackstone Ave & Hyde Park Blvd",4515
"103","Bloomingdale Ave & Harlem Ave",105
"104","Blue Island Ave & 18th St",6437
"105","Bosworth Ave & Howard St",917
"106","Bradley Park",56
"107","Brandon Ave & 91st St",49
"108","Brighton Park Branch Chicago Library",9
"109","Broadway & Argyle St",8841
"110","Broadway & Barry Ave",30110
"111","Broadway & Belmont Ave",16853
"112","Broadway & Berwyn Ave",8589
"113","Broadway & Cornelia Ave",21271
"114","Broadway & Granville Ave",7849
"115","Broadway & Ridge Ave",7694
"116","Broadway & Sheridan Rd",15070
"117","Broadway & Thorndale Ave",7812
"118","Broadway & Waveland Ave",21714
"119","Broadway & Wilson - Truman College Vaccination Site",9499
"120","Broadway & Wilson Ave",2279
"121","Buckingham Fountain",6438
"122","Buckingham Fountain (Temp)",2332
"123","Budlong Woods Library",1115
"124","Buffalo Ave & 133rd St",1
"125","Buffalo Ave & 89th St",6
"126","Burling St & Diversey Pkwy",15197
"127","Burnham Greenway & 105th St",249
"128","Burnham Greenway & 112th St",509
"129","Burnham Harbor",10514
"130","California & 16th St",139
"131","California Ave & 21st St",1322
"132","California Ave & 23rd Pl",656
"133","California Ave & 26th St",421
"134","California Ave & 29th St",8
"135","California Ave & 36th St",88
"136","California Ave & Altgeld St",4205
"137","California Ave & Byron St",2624
"138","California Ave & Cortez St",7197
"139","California Ave & Devon Ave - NE",26
"140","California Ave & Devon Ave - NW",12
"141","California Ave & Division St",4899
"142","California Ave & Fletcher St",4244
"143","California Ave & Francis Pl (Temp)",4959
"144","California Ave & Lake St",906
"145","California Ave & Marquette Rd",206
"146","California Ave & Milwaukee Ave",13414
"147","California Ave & Montrose Ave",3559
"148","California Ave & North Ave",5280
"149","California Ave & Ogden Ave",5
"150","California Ave & Pershing Rd",10
"151","California Ave & Touhy Ave - NW",16
"152","California Ave & Touhy Ave - SW",1
"153","California Ave & Winona St",596
"154","Calumet Ave & 103rd St",4
"155","Calumet Ave & 18th St",9105
"156","Calumet Ave & 21st St",4352
"157","Calumet Ave & 33rd St",7591
"158","Calumet Ave & 35th St",2464
"159","Calumet Ave & 51st St",1032
"160","Calumet Ave & 71st St",55
"161","Calumet Ave & Garfield Blvd",14
"162","Calumet Park",284
"163","Campbell Ave & 51st St",98
"164","Campbell Ave & Fullerton Ave",3623
"165","Campbell Ave & Irving Park Rd",418
"166","Campbell Ave & Montrose Ave",3247
"167","Campbell Ave & Montrose Ave (Temp)",215
"168","Campbell Ave & North Ave",6587
"169","Canal St & Adams St",20877
"170","Canal St & Harrison St",2595
"171","Canal St & Jackson Blvd",10839
"172","Canal St & Madison St",14735
"173","Canal St & Monroe St",12401
"174","Canal St & Taylor St",6995
"175","Cannon Dr & Fullerton Ave",6637
"176","Canty Elementary School",4
"177","Carpenter St & 63rd St",50
"178","Carpenter St & Huron St",9868
"179","Central Ave & Adams St",1
"180","Central Ave & Chicago Ave",472
"181","Central Ave & Congress Pkwy",7
"182","Central Ave & Corcoran Pl",20
"183","Central Ave & George St",17
"184","Central Ave & Harrison St",135
"185","Central Ave & Lake St",241
"186","Central Ave & Madison St",208
"187","Central Ave & North Ave",6
"188","Central Ave & Parker Ave",314
"189","Central Ave & Roscoe St",328
"190","Central Park & Augusta Blvd",163
"191","Central Park Ave & 24th St",414
"192","Central Park Ave & Bloomingdale Ave",3517
"193","Central Park Ave & Douglas Blvd",114
"194","Central Park Ave & Elbridge Ave",3248
"195","Central Park Ave & Fillmore St",1
"196","Central Park Ave & North Ave",1573
"197","Central Park Ave & Ogden Ave",795
"198","Central Park Ave & Ohio St",249
"199","Central Park Blvd & 5th Ave",172
"200","Central St & Girard Ave",1237
"201","Central St Metra",1304
"202","Champlain Ave & 134th St",4
"203","Chappel Ave & 71st St",7
"204","Chase Ave & Touhy Ave - NE",3
"205","Chase Ave & Touhy Ave - NW",4
"206","Cherry Ave & Blackhawk St",2386
"207","Chicago Ave & Sheridan Rd",4871
"208","Chicago Ave & Washington St",3371
"209","Chicago State University",454
"210","Chopin Park",4
"211","Christiana Ave & 111th St",2
"212","Christiana Ave & 55th St",23
"213","Christiana Ave & Archer Ave",83
"214","Christiana Ave & Belmont Ave",53
"215","Christiana Ave & Bryn Mawr Ave",2
"216","Christiana Ave & Lawrence Ave",2423
"217","Cicero Ave & Altgeld St",8
"218","Cicero Ave & Cortland St - midblock",7
"219","Cicero Ave & Flournoy St",112
"220","Cicero Ave & Grace St",192
"221","Cicero Ave & Lake St",227
"222","Cicero Ave & Le Moyne St - midblock",3
"223","Cicero Ave & North Ave",11
"224","Cicero Ave & Quincy St",111
"225","Cicero Ave & Roscoe St",17
"226","Cicero Ave & Wellington Ave",91
"227","Cicero Ave & Wrightwood Ave",80
"228","City Rack - Albany Ave & 103rd St",1
"229","Cityfront Plaza Dr & Pioneer Ct",11211
"230","Claremont Ave & 71st St",27
"231","Claremont Ave & Hirsch St",2901
"232","Clarendon Ave & Gordon Ter",13615
"233","Clarendon Ave & Junior Ter",12354
"234","Clarendon Ave & Leland Ave",7555
"235","Clark St & 9th St (AMLI)",5482
"236","Clark St & Armitage Ave",29029
"237","Clark St & Berwyn Ave",12072
"238","Clark St & Bryn Mawr Ave",9138
"239","Clark St & Chicago Ave",11240
"240","Clark St & Columbia Ave",2568
"241","Clark St & Drummond Pl",22922
"242","Clark St & Elm St",34490
"243","Clark St & Elmdale Ave",3683
"244","Clark St & Grace St",13640
"245","Clark St & Ida B Wells Dr",5957
"246","Clark St & Jarvis Ave",1068
"247","Clark St & Lake St",15211
"248","Clark St & Leland Ave",9587
"249","Clark St & Lincoln Ave",27117
"250","Clark St & Lunt Ave",3330
"251","Clark St & Montrose Ave",6555
"252","Clark St & Newport St",23488
"253","Clark St & North Ave",12956
"254","Clark St & Randolph St",14831
"255","Clark St & Schiller St",19233
"256","Clark St & Schreiber Ave",3468
"257","Clark St & Touhy Ave",1102
"258","Clark St & Wellington Ave",17570
"259","Clark St & Winnemac Ave",15602
"260","Clark St & Wrightwood Ave",25940
"261","Clifton Ave & Armitage Ave",10663
"262","Clinton St & 18th St",3348
"263","Clinton St & Jackson Blvd",18021
"264","Clinton St & Lake St",18164
"265","Clinton St & Madison St",26672
"266","Clinton St & Polk St",1180
"267","Clinton St & Roosevelt Rd",8899
"268","Clinton St & Tilden St",4285
"269","Clinton St & Washington Blvd",25513
"270","Clybourn Ave & Division St",7332
"271","Clyde Ave & 87th St",123
"272","Colfax Ave & 83rd St",4
"273","Columbus Dr & Randolph St",16025
"274","Commercial Ave & 100th St",53
"275","Commercial Ave & 130th St",217
"276","Commercial Ave & 83rd St",214
"277","Commercial Ave & 89th St",12
"278","Conservatory Dr & Lake St",900
"279","Constance Ave & 95th St",111
"280","Corliss Ave & 103rd St",1
"281","Corliss Ave & 133rd St",1
"282","Cornell Ave & Hyde Park Blvd",7810
"283","Cornell Dr & Hayes Dr",203
"284","Cottage Grove & 84th St",2
"285","Cottage Grove & 85th St",6
"286","Cottage Grove & 86th St",22
"287","Cottage Grove Ave & 111th Pl",171
"288","Cottage Grove Ave & 111th St",31
"289","Cottage Grove Ave & 43rd St",1380
"290","Cottage Grove Ave & 47th St",1552
"291","Cottage Grove Ave & 51st St",1548
"292","Cottage Grove Ave & 63rd St",1355
"293","Cottage Grove Ave & 67th St",374
"294","Cottage Grove Ave & 71st St",238
"295","Cottage Grove Ave & 75th St",8
"296","Cottage Grove Ave & 78th St",187
"297","Cottage Grove Ave & 83rd St",405
"298","Cottage Grove Ave & 87th St",19
"299","Cottage Grove Ave & 89th Pl",3
"300","Cottage Grove Ave & 91st St",4
"301","Cottage Grove Ave & 92nd St",2
"302","Cottage Grove Ave & 98th St",18
"303","Cottage Grove Ave & Oakwood Blvd",1175
"304","DIVVY CASSETTE REPAIR MOBILE STATION",7
"305","Daley Center Plaza",15004
"306","Damen Ave & 33rd St",85
"307","Damen Ave & 47th St",15
"308","Damen Ave & 51st St",144
"309","Damen Ave & 59th St",247
"310","Damen Ave & 74th St",50
"311","Damen Ave & 80th St",2
"312","Damen Ave & 84th St",1
"313","Damen Ave & Charleston St",6425
"314","Damen Ave & Chicago Ave",11977
"315","Damen Ave & Clybourn Ave",5019
"316","Damen Ave & Cortland St",12739
"317","Damen Ave & Coulter St",886
"318","Damen Ave & Cullerton St",3530
"319","Damen Ave & Division St",9791
"320","Damen Ave & Foster Ave",4961
"321","Damen Ave & Grand Ave",5874
"322","Damen Ave & Leland Ave",5487
"323","Damen Ave & Madison St",3047
"324","Damen Ave & Melrose Ave",4076
"325","Damen Ave & Pershing Rd",484
"326","Damen Ave & Pierce Ave",22584
"327","Damen Ave & Sunnyside Ave",3746
"328","Damen Ave & Thomas St (Augusta Blvd)",7144
"329","Damen Ave & Wabansia Ave",2870
"330","Damen Ave & Walnut (Lake) St",3411
"331","Damen Ave & Wellington Ave",5304
"332","Dauphin Ave & 103rd St",166
"333","Dauphin Ave & 87th St",151
"334","Dayton St & North Ave",11749
"335","Dearborn Pkwy & Delaware Pl",21397
"336","Dearborn St & Adams St",9259
"337","Dearborn St & Erie St",26235
"338","Dearborn St & Monroe St",17387
"339","Dearborn St & Van Buren St",6555
"340","Delano Ct & Roosevelt Rd",7293
"341","Desplaines St & Jackson Blvd",11545
"342","Desplaines St & Kinzie St",19595
"343","Desplaines St & Randolph St",11086
"344","Divvy Valet - Oakwood Beach",18
"345","Dodge Ave & Church St",1001
"346","Dodge Ave & Main St",622
"347","Dodge Ave & Mulford St",500
"348","Dorchester Ave & 49th St",1073
"349","Dorchester Ave & 63rd St",858
"350","Doty Ave & 111th St",124
"351","Drake Ave & Addison St",1528
"352","Drake Ave & Montrose Ave",1580
"353","Drexel Ave & 87th St",3
"354","DuSable Lake Shore Dr & Belmont Ave",20807
"355","DuSable Lake Shore Dr & Diversey Pkwy",22349
"356","DuSable Lake Shore Dr & Monroe St",40125
"357","DuSable Lake Shore Dr & North Blvd",42141
"358","DuSable Lake Shore Dr & Wellington Ave",19952
"359","DuSable Museum",1089
"360","Dusable Harbor",19189
"361","East End Ave & 75th St",1
"362","East End Ave & 87th St",150
"363","Eastlake Ter & Howard St",268
"364","Eastlake Ter & Rogers Ave",1943
"365","Eberhart Ave & 131st St",59
"366","Eberhart Ave & 61st St",570
"367","Eberhart Ave & 91st St",108
"368","Eckhart Park",9149
"369","Eggleston Ave & 114th St",2
"370","Eggleston Ave & 115th St",2
"371","Eggleston Ave & 69th St",123
"372","Eggleston Ave & 92nd St",92
"373","Eli Whitney Public School",12
"374","Elizabeth (May) St & Fulton St",5030
"375","Elizabeth St & 47th St",108
"376","Elizabeth St & 59th St",59
"377","Elizabeth St & 92nd St",213
"378","Elizabeth St & Fulton St",1457
"379","Ellis Ave & 132nd Pl",5
"380","Ellis Ave & 53rd St",5784
"381","Ellis Ave & 55th St",19306
"382","Ellis Ave & 58th St",10110
"383","Ellis Ave & 60th St",23771
"384","Ellis Ave & 83rd St",184
"385","Elmwood Ave & Austin St",1267
"386","Elston Ave & Cortland St",9008
"387","Elston Ave & George St",1376
"388","Elston Ave & Henderson St",646
"389","Elston Ave & Wabansia Ave",3655
"390","Emerald Ave & 28th St",2797
"391","Emerald Ave & 31st St",6847
"392","Emerald Ave & 43rd St",10
"393","Emerald Ave & 45th St",4
"394","Evans Ave & 63rd St",6
"395","Evans Ave & 75th St",184
"396","Evanston Civic Center",1238
"397","Ewing Ave & 101st St",4
"398","Ewing Ave & 105th St",7
"399","Ewing Ave & 106th St",7
"400","Ewing Ave & 112th St",3
"401","Ewing Ave & 96th St",6
"402","Ewing Ave & 99th St",1
"403","Ewing Ave & Burnham Greenway",130
"404","Ewing Ave & Indianapolis Ave",3
"405","Exchange Ave & 79th St",234
"406","Fairbanks Ct & Grand Ave",19439
"407","Fairbanks St & Superior St",8149
"408","Fairfield Ave & 44th St",147
"409","Fairfield Ave & Roosevelt Rd",577
"410","Federal St & Polk St",17688
"411","Field Blvd & South Water St",12428
"412","Field Museum",7576
"413","Financial Pl & Ida B Wells Dr",7213
"414","Forrestville Ave & 47th St",12
"415","Fort Dearborn Dr & 31st St",8593
"416","Francisco Ave & 47th St",212
"417","Francisco Ave & Bloomingdale Ave",694
"418","Francisco Ave & Foster Ave",2498
"419","Francisco Ave & Hollywood Ave",81
"420","Francisco Ave & Montrose Ave",1159
"421","Franklin St & Adams St (Temp)",9599
"422","Franklin St & Chicago Ave",15804
"423","Franklin St & Illinois St",13953
"424","Franklin St & Jackson Blvd",17088
"425","Franklin St & Lake St",14735
"426","Franklin St & Monroe St",14231
"427","Fullerton & Monitor",335
"428","Glenwood Ave & Morse Ave",4808
"429","Glenwood Ave & Touhy Ave",2044
"430","Grand Ave & North Ave",12
"431","Green St & 103rd St",7
"432","Green St & Madison Ave*",506
"433","Green St & Madison St",22966
"434","Green St & Randolph St",4797
"435","Green St & Randolph St*",11351
"436","Green St & Washington Blvd",3896
"437","Greenview Ave & Diversey Pkwy",6997
"438","Greenview Ave & Fullerton Ave",13647
"439","Greenview Ave & Jarvis Ave",3441
"440","Greenwood Ave & 47th St",2196
"441","Greenwood Ave & 79th St",121
"442","Greenwood Ave & 87th St",1
"443","Greenwood Ave & 91st St",102
"444","Greenwood Ave & 97th St",160
"445","Greenwood Ave & Lake Park Ave",24
"446","Hale Ave & 107th St",253
"447","Halsted & 63rd - Kennedy-King Vaccination Site",250
"448","Halsted St & 102nd St",1
"449","Halsted St & 104th St",127
"450","Halsted St & 111th St",122
"451","Halsted St & 18th St",3915
"452","Halsted St & 21st St",2123
"453","Halsted St & 35th St",2708
"454","Halsted St & 37th St",585
"455","Halsted St & 41st St",3
"456","Halsted St & 47th Pl",496
"457","Halsted St & 51st St",354
"458","Halsted St & 56th St",110
"459","Halsted St & 59th St",80
"460","Halsted St & 63rd St",73
"461","Halsted St & 64th St",5
"462","Halsted St & 69th St",101
"463","Halsted St & 73rd St",173
"464","Halsted St & 76th St",12
"465","Halsted St & 78th St",192
"466","Halsted St & 80th St",11
"467","Halsted St & 94th St",5
"468","Halsted St & 95th St - SE",5
"469","Halsted St & 95th St - SW",5
"470","Halsted St & 96th St",285
"471","Halsted St & Archer Ave",2515
"472","Halsted St & Clybourn Ave",20700
"473","Halsted St & Dickens Ave",16861
"474","Halsted St & Maxwell St",10840
"475","Halsted St & North Branch St",1792
"476","Halsted St & Polk St",15849
"477","Halsted St & Roosevelt Rd",8195
"478","Halsted St & Roscoe St",22204
"479","Halsted St & Willow St",11916
"480","Halsted St & Wrightwood Ave",20764
"481","Hamilton Ave & 95th St",11
"482","Hamilton Park",2
"483","Hamlin Ave & 62nd Pl",193
"484","Hamlin Ave & Chicago Ave",11
"485","Hamlin Ave & Fullerton Ave",82
"486","Hamlin Ave & Grand Ave",19
"487","Hamlin Ave & Montrose Ave",43
"488","Hampden Ct & Diversey Ave",3680
"489","Harding Ave & 26th St",263
"490","Harding Ave & 47th St",11
"491","Harlem & Irving Park",611
"492","Harlem Ave & Grace St",69
"493","Harold Washington Park",86
"494","Harper Ave & 59th St",5451
"495","Harper Ave & 63rd St",13
"496","Harriet E Sayre Public School",13
"497","Harvard Ave & 103rd St",7
"498","Harvard Ave & 119th St",4
"499","Harvey Ave & North Ave",8
"500","Hastings WH 2",2
"501","Hegewisch Metra Station",74
"502","Hermitage Ave & Polk St",5649
"503","Hiawatha Park",16
"504","Homan Ave & 111th St",8
"505","Homan Ave & 26th St",1
"506","Homan Ave & 65th St",171
"507","Homan Ave & Fillmore St",73
"508","Homewood Ave & 115th St",205
"509","Homewood Ave & Monterey Ave",47
"510","Honore St & 87th St - SE",1
"511","Honore St & Division St",11983
"512","Houston Ave & 91st St",8
"513","Houston Ave & 92nd St",180
"514","Hoyne Ave & 110th Pl",23
"515","Hoyne Ave & 34th St",94
"516","Hoyne Ave & 47th St",383
"517","Hoyne Ave & Balmoral Ave",2659
"518","Humboldt Blvd & Armitage Ave",5490
"519","Hyde Park Blvd & 53rd St",143
"520","Hyde Park Blvd & 55th St",244
"521","Indiana Ave & 103rd St",143
"522","Indiana Ave & 133rd St",9
"523","Indiana Ave & 26th St",2595
"524","Indiana Ave & 31st St",3825
"525","Indiana Ave & 40th St",364
"526","Indiana Ave & Roosevelt Rd",25960
"527","Ingleside Ave & 79th St",8
"528","James Madison School",1
"529","Jefferson St & Monroe St",8364
"530","Jeffery Blvd & 67th St",576
"531","Jeffery Blvd & 71st St",563
"532","Jeffery Blvd & 76th St",207
"533","Jeffery Blvd & 83rd St",3
"534","Jeffrey Blvd & 71st St",34
"535","Jonathan Y Scammon Public School",24
"536","Justine St & 87th St",10
"537","Karlov Ave & Kamerling Ave",20
"538","Karlov Ave & Madison St",139
"539","Karlov Ave & Milwaukee Ave",3
"540","Kedvale Ave & 63rd St",10
"541","Kedvale Ave & Addison St",4
"542","Kedvale Ave & Avondale Ave",30
"543","Kedzie & 103rd St - East",3
"544","Kedzie & 103rd St - West",4
"545","Kedzie Ave & 104th St",51
"546","Kedzie Ave & 110th St",122
"547","Kedzie Ave & 21st St",552
"548","Kedzie Ave & 24th St",320
"549","Kedzie Ave & 45th St",157
"550","Kedzie Ave & 48th Pl",992
"551","Kedzie Ave & 52nd St",184
"552","Kedzie Ave & 54th St - SE",52
"553","Kedzie Ave & 54th St - SW",57
"554","Kedzie Ave & 57th St",400
"555","Kedzie Ave & 58th St",46
"556","Kedzie Ave & 61st Pl",73
"557","Kedzie Ave & 63rd St",40
"558","Kedzie Ave & 64th St - SE",5
"559","Kedzie Ave & 64th St - SW",21
"560","Kedzie Ave & Archer Ave",22
"561","Kedzie Ave & Argyle St",9
"562","Kedzie Ave & Bryn Mawr Ave",1148
"563","Kedzie Ave & Chicago Ave",1050
"564","Kedzie Ave & Foster Ave",1292
"565","Kedzie Ave & George St",926
"566","Kedzie Ave & Harrison St",216
"567","Kedzie Ave & Lake St",931
"568","Kedzie Ave & Leland Ave",1940
"569","Kedzie Ave & Milwaukee Ave",15543
"570","Kedzie Ave & Palmer Ct",4617
"571","Kedzie Ave & Pershing Rd",20
"572","Kedzie Ave & Roosevelt Rd",377
"573","Keeler Ave & 26th St",2
"574","Keeler Ave & 55th St",3
"575","Keeler Ave & Madison St",10
"576","Keeler Ave & Roosevelt Rd",59
"577","Kenneth Ave & 50th St",98
"578","Kenneth Ave & 63rd St",9
"579","Kenosha & Wellington",419
"580","Kenton Ave & Madison St",112
"581","Kenton Ave & Palmer St",100
"582","Keystone Ave & Fullerton Ave",1419
"583","Keystone Ave & Irving Park Rd",21
"584","Keystone Ave & Montrose Ave",1223
"585","Keystone Ave & North Ave",48
"586","Kilbourn & Belden",255
"587","Kilbourn & Roscoe",429
"588","Kilbourn Ave & Fullerton Ave",8
"589","Kilbourn Ave & Irving Park Rd",516
"590","Kilbourn Ave & Milwaukee Ave",455
"591","Kildare & Cermak",113
"592","Kildare Ave & 26th St",78
"593","Kildare Ave & 47th St",165
"594","Kildare Ave & 55th St",67
"595","Kildare Ave & 63rd St",7
"596","Kildare Ave & Chicago Ave",37
"597","Kildare Ave & Division Ave",7
"598","Kildare Ave & Division St",40
"599","Kildare Ave & Montrose Ave",859
"600","Kildare Ave & Washignton Blvd",3
"601","Kilpatrick Ave & Grand Ave",272
"602","Kilpatrick Ave & Parker Ave",541
"603","Kimball Ave & Belmont Ave",2512
"604","Kimball Ave & Carmen Ave",19
"605","Kimbark Ave & 53rd St",15992
"606","Kimbark Ave & 63rd St",6
"607","Kimbark Ave & 67th St",73
"608","King Dr & 83rd St",4
"609","Kingsbury St & Erie St",17055
"610","Kingsbury St & Kinzie St",32380
"611","Knox Ave & Montrose Ave",1187
"612","Kolin Ave & Archer Ave",20
"613","Komensky Ave & 31st St",389
"614","Komensky Ave & 55th St",197
"615","Komensky Ave & 59th St",35
"616","Kosciuszko Park",3068
"617","Kostner Ave & 63rd St",131
"618","Kostner Ave & Adams St",345
"619","Kostner Ave & Armitage Ave",285
"620","Kostner Ave & Lake St",98
"621","Kostner Ave & North Ave",12
"622","Kostner Ave & Wrightwood Ave",348
"623","La Villita Park (Albany/30th)",93
"624","LaSalle Dr & Huron St",12036
"625","LaSalle St & Adams St",4943
"626","LaSalle St & Illinois St",24000
"627","LaSalle St & Jackson Blvd",13625
"628","LaSalle St & Washington St",8977
"629","Lafayette Ave & 119th St",5
"630","Lafayette Ave & 87th St - NW",8
"631","Lafayette Ave & 87th St - SW",11
"632","Lafayette Ave & 95th St",97
"633","Laflin St & 51st St",6
"634","Laflin St & 79th St",2
"635","Laflin St & Cullerton St",3339
"636","Lake Park Ave & 35th St",2671
"637","Lake Park Ave & 44th St",4
"638","Lake Park Ave & 47th St",2639
"639","Lake Park Ave & 53rd St",7465
"640","Lake Park Ave & 56th St",7697
"641","Lakefront Trail & Bryn Mawr Ave",13982
"642","Lakefront Trail & Wilson Ave",8733
"643","Lakeview Ave & Fullerton Pkwy",22343
"644","Lamon Ave & Armitage Ave",257
"645","Lamon Ave & Belmont Ave",582
"646","Lamon Ave & Chicago Ave",166
"647","Langley Ave & 105th Pl",4
"648","Langley Ave & 79th St",29
"649","Laramie Ave & Belmont Ave",25
"650","Laramie Ave & Fullerton Ave",35
"651","Laramie Ave & Gladys Ave",60
"652","Laramie Ave & Grand Ave",17
"653","Laramie Ave & Kinzie St",180
"654","Laramie Ave & Madison St",215
"655","Laramie Ave & Warwick Ave",4
"656","Larrabee St & Armitage Ave",8920
"657","Larrabee St & Division St",11315
"658","Larrabee St & Kingsbury St",18625
"659","Larrabee St & Menomonee St",5712
"660","Larrabee St & North Ave",6877
"661","Larrabee St & Oak St",7588
"662","Larrabee St & Webster Ave",22504
"663","Latrobe Ave & Chicago Ave",204
"664","Latrobe Ave & Lake St",10
"665","Lavergne & Fullerton",463
"666","Lavergne Ave & 46th St",89
"667","Lavergne Ave & Division St",62
"668","Lawler Ave & 50th St",337
"669","Lawndale Ave & 111th St",178
"670","Lawndale Ave & 16th St",75
"671","Lawndale Ave & 30th St",238
"672","Lawndale Ave & Diversey Ave",52
"673","Lawndale Ave & Polk St",1
"674","Lawrence Ave & 103rd St",4
"675","Leamington Ave & Hirsch St",88
"676","Leavitt St & Addison St",3306
"677","Leavitt St & Archer Ave",1179
"678","Leavitt St & Armitage Ave",5725
"679","Leavitt St & Belmont Ave",4902
"680","Leavitt St & Chicago Ave",5336
"681","Leavitt St & Division St",4333
"682","Leavitt St & Lawrence Ave",2925
"683","Leavitt St & North Ave",6717
"684","Legler Regional Library",1
"685","Lincoln Ave & Addison St",3856
"686","Lincoln Ave & Balmoral Ave",727
"687","Lincoln Ave & Belle Plaine Ave",6233
"688","Lincoln Ave & Belmont Ave",3055
"689","Lincoln Ave & Belmont Ave (Temp)",6150
"690","Lincoln Ave & Diversey Pkwy",15566
"691","Lincoln Ave & Fullerton Ave",21126
"692","Lincoln Ave & Peterson Ave",501
"693","Lincoln Ave & Roscoe St",3536
"694","Lincoln Ave & Roscoe St - Charging",3
"695","Lincoln Ave & Roscoe St*",7804
"696","Lincoln Ave & Sunnyside Ave",6226
"697","Lincoln Ave & Waveland Ave",4933
"698","Lincoln Ave & Winona St",2906
"699","Lincoln Park Conservatory",12390
"700","Lincolnwood Dr & Central St",666
"701","Linder Ave & Archer Ave",1
"702","Linder Ave & Belmont Ave",9
"703","Lockwood Ave & Wrightwood Ave",592
"704","Logan Blvd & Elston Ave",7010
"705","Long & Irving Park",898
"706","Long Ave & Belden Ave",368
"707","Long Ave & Belmont Ave",301
"708","Long Ave & North Ave",91
"709","Longwood Dr & 111th St",7
"710","Longwood Dr & 95th St",5
"711","Loomis Blvd & 83rd St",1
"712","Loomis Blvd & 84th St",131
"713","Loomis St & 87th St",40
"714","Loomis St & 89th St",135
"715","Loomis St & Archer Ave",1582
"716","Loomis St & Jackson Blvd",6106
"717","Loomis St & Lexington St",21702
"718","Loomis St & Lexington St*",547
"719","Lorel Ave & Chicago Ave",3
"720","Lowe Ave & 98th St",1
"721","Lowe Park",2
"722","Lowell Ave & Elston Ave",51
"723","MLK Jr Dr & 29th St",8549
"724","MLK Jr Dr & 47th St",570
"725","MLK Jr Dr & 56th St",301
"726","MLK Jr Dr & 63rd St",473
"727","MLK Jr Dr & 83rd St",162
"728","MLK Jr Dr & Pershing Rd",1286
"729","MTV Hubbard St",438
"730","Mackinaw Ave & 106th St",6
"731","Mackinaw Ave & 108th St",8
"732","Mackinaw Ave & 85th St",2
"733","Major Ave & Bloomingdale Ave",98
"734","Major Taylor Trail & 115th St",142
"735","Major Taylor Trail & 124th St",103
"736","Malcolm X College",442
"737","Malcolm X College Vaccination Site",1482
"738","Manor Ave & Leland Ave",2190
"739","Maplewood Ave & 59th St",92
"740","Maplewood Ave & Peterson Ave",828
"741","Marine Dr & Ainslie St",7780
"742","Marquette Ave & 79th St",39
"743","Marquette Ave & 83rd St",1
"744","Marquette Ave & 89th St",149
"745","Marshfield Ave & 44th St",420
"746","Marshfield Ave & 45th St",9
"747","Marshfield Ave & 59th St",62
"748","Marshfield Ave & 87th St",3
"749","Martin Luther King Dr & 111th St",77
"750","Martin Luther King Dr & 44th St",8
"751","Martin Luther King Dr & 69th St",5
"752","Maryland Ave & 104th St",243
"753","Maryland Ave & 87th ST",4
"754","Mason Ave & Belmont Ave",128
"755","Mason Ave & Roosevelt Rd",11
"756","May St & 63rd St",2
"757","May St & 69th St",259
"758","May St & 78th St",1
"759","May St & Cullerton St",2875
"760","May St & Taylor St",13305
"761","Mayfield & Roosevelt Rd",22
"762","McClurg Ct & Erie St",15304
"763","McClurg Ct & Ohio St",21004
"764","McCormick Blvd & Devon Ave",6
"765","McCormick Place",5999
"766","McVicker Ave & Grand Ave",6
"767","Meade Ave & Addison St",141
"768","Meade Ave & Diversey Ave",281
"769","Melvina Ave & Belmont Ave",4
"770","Menard Ave & Adams Blvd",3
"771","Menard Ave & Agusta Blvd",10
"772","Menard Ave & Belmont Ave",3
"773","Menard Ave & Dakin St - midblock",14
"774","Menard Ave & Division St",62
"775","Menard Ave & Grand Ave",10
"776","Menard Ave & Madison St",4
"777","Menard Ave & North Ave",46
"778","Michele Clark Magnet High School",2
"779","Michigan Ave & 102nd St",2
"780","Michigan Ave & 110th St",5
"781","Michigan Ave & 113th St",3
"782","Michigan Ave & 114th St",78
"783","Michigan Ave & 119th St",4
"784","Michigan Ave & 14th St",11848
"785","Michigan Ave & 18th St",9584
"786","Michigan Ave & 71st St",129
"787","Michigan Ave & 8th St",15435
"788","Michigan Ave & 96th St",5
"789","Michigan Ave & Ida B Wells Dr",7596
"790","Michigan Ave & Jackson Blvd",12362
"791","Michigan Ave & Lake St",21611
"792","Michigan Ave & Madison St",10468
"793","Michigan Ave & Oak St",40127
"794","Michigan Ave & Pearson St",10475
"795","Michigan Ave & Washington St",23946
"796","Midway Orange Line",165
"797","Mies van der Rohe Way & Chestnut St",15569
"798","Mies van der Rohe Way & Chicago Ave",15316
"799","Millard Ave & 26th St",497
"800","Millennium Park",35234
"801","Milwaukee Ave & Addison St",39
"802","Milwaukee Ave & Cuyler Ave",891
"803","Milwaukee Ave & Diversey Ave",155
"804","Milwaukee Ave & Fullerton Ave",3171
"805","Milwaukee Ave & Grand Ave",14886
"806","Milwaukee Ave & Haussen Ct",46
"807","Milwaukee Ave & Rockwell St",4784
"808","Milwaukee Ave & School St",33
"809","Milwaukee Ave & Wabansia Ave",12822
"810","Milwaukee Ave & Waveland Ave",5
"811","Monticello Ave & Belmont Ave",59
"812","Monticello Ave & Chicago Ave",160
"813","Monticello Ave & Irving Park Rd",1700
"814","Montrose Harbor",20026
"815","Morgan Ave & 14th Pl",4901
"816","Morgan St & 103rd St",3
"817","Morgan St & 18th St",6011
"818","Morgan St & 31st St",3834
"819","Morgan St & 87th St",5
"820","Morgan St & 95th St",17
"821","Morgan St & Lake St",10207
"822","Morgan St & Lake St*",5989
"823","Morgan St & Pershing Rd",215
"824","Morgan St & Polk St",15494
"825","Mozart Elementary School",88
"826","Mozart St & Jackson Blvd",86
"827","Mt Greenwood Library - North",3
"828","Mt Greenwood Library - South",10
"829","Mulligan Ave & Wellington Ave",336
"830","Museum of Science and Industry",4559
"831","Muskegon Ave & 89th St",5
"832","N Carpenter St & W Lake St",2325
"833","N Clark St & W Elm St",263
"834","N Damen Ave & W Chicago Ave",372
"835","N Green St & W Lake St",6932
"836","N Narragansett Ave & Grand Ave",41
"837","N Paulina St & Lincoln Ave",756
"838","N Sayre Ave & W Belden Ave",5
"839","N Sheffield Ave & W Wellington Ave",1498
"840","N Shore Channel Trail & Argyle Ave",3
"841","N Shore Channel Trail & Argyle St",843
"842","N Southport Ave & W Newport Ave",1005
"843","Nagle Ave & Belmont Ave",56
"844","Narragansett & Irving Park",516
"845","Narragansett & McLean",153
"846","Narragansett & Wrightwood",920
"847","Narragansett Ave & Fullerton Ave",20
"848","Narragansett Ave & School St",261
"849","Neva Ave & Grand Ave",42
"850","New England Ave & Grace St",4
"851","New St & Illinois St",21236
"852","NewHastings",6
"853","Newcastle Ave & Belden Ave",73
"854","Newcastle Ave & Belmont Ave",7
"855","Newcastle Ave & Wellington Ave",1
"856","Newland Ave & Diversey Ave",7
"857","Noble St & Milwaukee Ave",8267
"858","Nordica & Medill",82
"859","Nordica Ave & Addison St",6
"860","Normal Ave & 72nd St",3
"861","Normal Ave & Archer Ave",1157
"862","Normal Blvd & 61st Pl",1
"863","North Ave & New England Ave",52
"864","Oak Park & Wellington",203
"865","Oakley Ave & Irving Park Rd",2794
"866","Oakley Ave & Touhy Ave",680
"867","Ogden Ave & Chicago Ave",12035
"868","Ogden Ave & Congress Pkwy",3313
"869","Ogden Ave & Race Ave",10139
"870","Ogden Ave & Roosevelt Rd",1958
"871","Oglesby Ave & 100th St",97
"872","Oglesby Ave & 95th St",6
"873","Oketo Ave & Addison St",118
"874","Oketo Ave & Belmont Ave",10
"875","Oleander Ave & Addison St",5
"876","Olive Harvey College",117
"877","Orange & Addison",303
"878","Orleans St & Chestnut St (NEXT Apts)",8760
"879","Orleans St & Elm St",5141
"880","Orleans St & Hubbard St",8618
"881","Orleans St & Merchandise Mart Plaza",15856
"882","Orville T Bright School",2
"883","Ozark Ave & Addison St",6
"884","Panama Ave & Forest Preserve Ave",1
"885","Panama Ave & Grace St",37
"886","Park Manor Elementary School",4
"887","Parkside Ave & Armitage Ave",16
"888","Parnell Ave & 103rd St",3
"889","Parnell Ave & 119th St",6
"890","Parnell Ave & 98th St",2
"891","Paul Revere Elementary School",1
"892","Paulina Ave & North Ave",9003
"893","Paulina St & 18th St",5264
"894","Paulina St & Flournoy St",9276
"895","Paulina St & Howard St",2662
"896","Paulina St & Montrose Ave",4111
"897","Pawel Bialowas - Test- PBSC charging station",1
"898","Penn Elementary School / KIPP Ascend Middle School",2
"899","Peoria St & Jackson Blvd",17066
"900","Percy Julian HS",1
"901","Perry Ave & 108th Pl",8
"902","Perry Ave & 69th St",352
"903","Phillips Ave & 79th St",324
"904","Phillips Ave & 83rd St",135
"905","Pine Grove Ave & Irving Park Rd",15482
"906","Pine Grove Ave & Waveland Ave",19494
"907","Ping Tom Park (East)",280
"908","Piotrowski Park",4
"909","Pittsburgh Ave & Irving Park",6
"910","Plainfield & Irving Park",58
"911","Plainfield Ave & Irving Park Rd",3
"912","Prairie Ave & 43rd St",975
"913","Prairie Ave & 47th St - midblock",37
"914","Prairie Ave & Garfield Blvd",1424
"915","Princeton Ave & 43rd St",3
"916","Princeton Ave & 47th St",671
"917","Princeton Ave & Garfield Blvd",389
"918","Prospect Sq & 91st St",216
"919","Pubic Rack - Pulaski Rd & 41st",20
"920","Public  Rack - Albany Ave & 63rd St",14
"921","Public Rack - 10101 S Stony Island Ave",1
"922","Public Rack - 10557 S Western Ave",5
"923","Public Rack - 111th St - Morgan Park Metra",11
"924","Public Rack - 532 E 43rd St",11
"925","Public Rack - 53rd St & Indiana Ave",1
"926","Public Rack - 63rd & Western Ave N",4
"927","Public Rack - 63rd & Western Ave S",4
"928","Public Rack - 83rd St (Avalon Park) Metra",1
"929","Public Rack - Abbott Park",5
"930","Public Rack - Ada St & 79th St",2
"931","Public Rack - Aida Food Market",1
"932","Public Rack - Al Raby School",7
"933","Public Rack - Albany Ave & 111th St - NW",2
"934","Public Rack - Ashland Ave & 45th St",9
"935","Public Rack - Ashland Ave & 45th St  S",6
"936","Public Rack - Ashland Ave & 63rd St",7
"937","Public Rack - Ashland Ave & 71st St",9
"938","Public Rack - Ashland Ave & 74th St",1
"939","Public Rack - Ashland Ave & 76th St",4
"940","Public Rack - Ashland Ave & 83rd St",9
"941","Public Rack - Ashland Ave & 91st St",9
"942","Public Rack - Austin Ave & Roscoe St",84
"943","Public Rack - Austin Ave & Wellington Ave",8
"944","Public Rack - Austin Ave & Wellington Ave - midblock",6
"945","Public Rack - Austin Ave & Wrightwood Ave",88
"946","Public Rack - Austin Blvd & North Ave",17
"947","Public Rack - Austin Branch Chicago Public Library",5
"948","Public Rack - Ave L & 105th St",1
"949","Public Rack - Ave N & 106th St",1
"950","Public Rack - Avenue J & 102nd St",1
"951","Public Rack - Avenue J & 112th St",1
"952","Public Rack - Avers Ave & Archer Ave",8
"953","Public Rack - Avers Ave & Irving Park Rd",100
"954","Public Rack - Avers Ave & Ogden Ave",37
"955","Public Rack - Avondale Ave & Addison St",65
"956","Public Rack - Baltimore Ave & 132nd St",2
"957","Public Rack - Bell Ave & 95th St",1
"958","Public Rack - Bensley Ave & 103rd St",2
"959","Public Rack - Bishop St & 81st St",1
"960","Public Rack - Brainerd Park",55
"961","Public Rack - Brandon Ave & 91st St",15
"962","Public Rack - Brighton Park Branch Chicago Library",2
"963","Public Rack - Buffalo Ave & 133rd St",2
"964","Public Rack - Buffalo Ave & 89th St",1
"965","Public Rack - Burnside Academy",1
"966","Public Rack - California Ave & Cortez St",365
"967","Public Rack - California Ave & Devon Ave - NE",39
"968","Public Rack - California Ave & Devon Ave - NW",70
"969","Public Rack - California Ave & Ogden Ave",60
"970","Public Rack - California Ave & Pershing Rd",5
"971","Public Rack - California Ave & Touhy Ave - NW",73
"972","Public Rack - California Ave & Touhy Ave - SW",7
"973","Public Rack - California Ave & Touhy Ave - midblock",1
"974","Public Rack - Calumet Ave & 51st St",61
"975","Public Rack - Calumet Ave & Garfield Blvd",1
"976","Public Rack - Campbell Ave & Pratt Blvd",57
"977","Public Rack - Canty Elementary School",1
"978","Public Rack - Central Ave & Congress Pkwy",1
"979","Public Rack - Central Ave & Corcoran Pl",17
"980","Public Rack - Central Ave & George St",29
"981","Public Rack - Central Ave & North Ave",21
"982","Public Rack - Central Park Ave & 16th St",6
"983","Public Rack - Central Park Ave & Fillmore St",10
"984","Public Rack - Central Park Ave & Fulton Blvd",3
"985","Public Rack - Central Park Ave & Ogden Ave",24
"986","Public Rack - Champlain Ave & 134th St",1
"987","Public Rack - Champlain Ave & 65th St",34
"988","Public Rack - Chappel Ave & 71st St",1
"989","Public Rack - Chase Ave & Touhy Ave - NE",23
"990","Public Rack - Chase Ave & Touhy Ave - NW",12
"991","Public Rack - Chopin Park",68
"992","Public Rack - Christiana Ave & 111th St",1
"993","Public Rack - Christiana Ave & 55th St",2
"994","Public Rack - Christiana Ave & Archer Ave",83
"995","Public Rack - Christiana Ave & Belmont Ave",336
"996","Public Rack - Christiana Ave & Bryn Mawr Ave",18
"997","Public Rack - Christiana Ave & Lawrence Ave",101
"998","Public Rack - Cicero Ave & Altgeld St",48
"999","Public Rack - Cicero Ave & Cortland St - midblock",34
"1000","Public Rack - Cicero Ave & Le Moyne St - midblock",10
"1001","Public Rack - Cicero Ave & North Ave",64
"1002","Public Rack - Cicero Ave & Roscoe St",83
"1003","Public Rack - Cicero Ave & Wellington Ave",50
"1004","Public Rack - Cicero Ave & Wrightwood Ave",269
"1005","Public Rack - Claremont Ave & 71st St",4
"1006","Public Rack - Clyde Ave & 87th St",4
"1007","Public Rack - Colfax Ave & 83rd St",14
"1008","Public Rack - Commercial Ave & 89th St",1
"1009","Public Rack - Corliss Ave & 133rd St",1
"1010","Public Rack - Cornell Ave & 87th Pl",13
"1011","Public Rack - Cottage Grove & 85th St",2
"1012","Public Rack - Cottage Grove & 86th St",2
"1013","Public Rack - Cottage Grove Ave & 111th St",1
"1014","Public Rack - Cottage Grove Ave & 87th St",5
"1015","Public Rack - Cottage Grove Ave & 89th Pl",1
"1016","Public Rack - Cottage Grove Ave & 92nd St",2
"1017","Public Rack - Cottage Grove Ave & 98th St",3
"1018","Public Rack - Crandon Ave & 80th St",1
"1019","Public Rack - Damen Ave & 47th St",4
"1020","Public Rack - Damen Ave & 80th St",3
"1021","Public Rack - Division St & Christiana Ave",4
"1022","Public Rack - Drake Ave & Leland Ave",52
"1023","Public Rack - East End Ave & 75th St",1
"1024","Public Rack - East End Ave & 87th St",1
"1025","Public Rack - Eberhart Ave & 61st St",25
"1026","Public Rack - Eggleston Ave & 115th St",5
"1027","Public Rack - Eli Whitney Public School",78
"1028","Public Rack - Emerald Ave & 43rd St",2
"1029","Public Rack - Emerald Ave & 45th St",2
"1030","Public Rack - Evans Ave & 63rd St",35
"1031","Public Rack - Ewing Ave & 102nd St",1
"1032","Public Rack - Ewing Ave & 105th St",2
"1033","Public Rack - Ewing Ave & 106th St",8
"1034","Public Rack - Ewing Ave & 106th St NW",2
"1035","Public Rack - Ewing Ave & 107th St",8
"1036","Public Rack - Ewing Ave & 95th St",2
"1037","Public Rack - Ewing Ave & 96th St N",2
"1038","Public Rack - Ewing Ave & 96th St S",1
"1039","Public Rack - Ewing Ave & 99th St",2
"1040","Public Rack - Exchange Ave & 73rd Pl",17
"1041","Public Rack - Fairfield Ave & 63rd St",24
"1042","Public Rack - Forrestville Ave & 47th St",8
"1043","Public Rack - Foster Ave & Drake Ave",6
"1044","Public Rack - Francisco Ave & Touhy Ave",7
"1045","Public Rack - Fullerton Ave & Lavergne Ave",30
"1046","Public Rack - Fullerton Ave & Narragansett Ave",107
"1047","Public Rack - Garfield Park Conservatory",3
"1048","Public Rack - Grand Ave & Lawndale Ave",3
"1049","Public Rack - Grand Ave & North Ave",72
"1050","Public Rack - Green St & 103rd St",3
"1051","Public Rack - Greenwood Ave & Lake Park Ave",12
"1052","Public Rack - Halsted St & 102nd St",1
"1053","Public Rack - Halsted St & 109th St",3
"1054","Public Rack - Halsted St & 111th St",2
"1055","Public Rack - Halsted St & 113th St",1
"1056","Public Rack - Halsted St & 63rd St",2
"1057","Public Rack - Halsted St & 64th St",10
"1058","Public Rack - Halsted St & 76th St",1
"1059","Public Rack - Halsted St & 95th St - SE",5
"1060","Public Rack - Halsted St & 95th St - SW",2
"1061","Public Rack - Hamilton Ave & 95th St",4
"1062","Public Rack - Hamlin Ave & Chicago Ave",18
"1063","Public Rack - Hamlin Ave & Fullerton Ave",385
"1064","Public Rack - Hamlin Ave & Grand Ave",109
"1065","Public Rack - Hamlin Ave & Madison St",8
"1066","Public Rack - Hamlin Ave & Montrose Ave",193
"1067","Public Rack - Harding Ave & 47th St",2
"1068","Public Rack - Harold Washington Park",69
"1069","Public Rack - Harper Ave & 63rd St",2
"1070","Public Rack - Harriet E Sayre Public School",5
"1071","Public Rack - Harvard Ave & 103rd St",2
"1072","Public Rack - Harvard Ave & 119th St",1
"1073","Public Rack - Harvey Ave & North Ave",13
"1074","Public Rack - Hiawatha Park",4
"1075","Public Rack - Homan Ave & 111th St",1
"1076","Public Rack - Homan Ave & 26th St",11
"1077","Public Rack - Homan Ave & Lake St",3
"1078","Public Rack - Homan Ave & Roosevelt",2
"1079","Public Rack - Houston Ave & 130th St",2
"1080","Public Rack - Hoyne Ave & 110th Pl",53
"1081","Public Rack - Hoyne Ave & 51st St",4
"1082","Public Rack - Hyde Park Blvd & 53rd St",20
"1083","Public Rack - Hyde Park Blvd & 55th St",45
"1084","Public Rack - Independence Blvd & Roosevelt",2
"1085","Public Rack - Jeffery Blvd & 67th St",2
"1086","Public Rack - Jeffery Blvd & 81st St",3
"1087","Public Rack - Jeffery Blvd & 83rd St",1
"1088","Public Rack - Jeffrey Blvd & 71st St",6
"1089","Public Rack - Jensen Park",104
"1090","Public Rack - Jonathan Y Scammon Public School",62
"1091","Public Rack - Karlov Ave & 26th St",7
"1092","Public Rack - Karlov Ave & Kamerling Ave",110
"1093","Public Rack - Karlov Ave & Milwaukee Ave",53
"1094","Public Rack - Kedvale Ave & 26th St",6
"1095","Public Rack - Kedvale Ave & 63rd St",1
"1096","Public Rack - Kedvale Ave & 63rd St E",1
"1097","Public Rack - Kedvale Ave & 63rd St W",1
"1098","Public Rack - Kedvale Ave & Addison St",20
"1099","Public Rack - Kedvale Ave & Avondale Ave",81
"1100","Public Rack - Kedzie & 103rd St - East",2
"1101","Public Rack - Kedzie & 103rd St - W",3
"1102","Public Rack - Kedzie Ave & 54th Pl",5
"1103","Public Rack - Kedzie Ave & 54th St - SE",18
"1104","Public Rack - Kedzie Ave & 54th St - SW",5
"1105","Public Rack - Kedzie Ave & 58th St",11
"1106","Public Rack - Kedzie Ave & 60th St",5
"1107","Public Rack - Kedzie Ave & 61st Pl",5
"1108","Public Rack - Kedzie Ave & 61st Pl E",16
"1109","Public Rack - Kedzie Ave & 61st Pl W",20
"1110","Public Rack - Kedzie Ave & 62nd Pl",23
"1111","Public Rack - Kedzie Ave & 63rd St",10
"1112","Public Rack - Kedzie Ave & 64th St - SE",3
"1113","Public Rack - Kedzie Ave & 64th St - SW",9
"1114","Public Rack - Kedzie Ave & Archer Ave",23
"1115","Public Rack - Kedzie Ave & Argyle St",169
"1116","Public Rack - Kedzie Ave & Arthington St",1
"1117","Public Rack - Kedzie Ave & Chicago Ave",14
"1118","Public Rack - Kedzie Ave & Pershing Rd",2
"1119","Public Rack - Kedzie Ave & Walnut St",6
"1120","Public Rack - Keef Ave & South Chicago Ave",1
"1121","Public Rack - Keeler Ave & 26th St",2
"1122","Public Rack - Keeler Ave & 55th St",3
"1123","Public Rack - Kenneth Ave & 63rd St E",8
"1124","Public Rack - Kenneth Ave & 63rd St W",1
"1125","Public Rack - Kenton Ave & Palmer St",162
"1126","Public Rack - Keystone Ave & Irving Park Rd",112
"1127","Public Rack - Keystone Ave & North Ave",155
"1128","Public Rack - Kilbourn Ave & Fullerton Ave",105
"1129","Public Rack - Kildare Ave & 63rd St",1
"1130","Public Rack - Kildare Ave & Division Ave",2
"1131","Public Rack - Kildare Ave & Division St",70
"1132","Public Rack - Kildare Ave & North Ave",7
"1133","Public Rack - Kildare Ave & Washignton Blvd",1
"1134","Public Rack - Kimball Ave & Carmen Ave",30
"1135","Public Rack - Kimbark Ave & 63rd St",4
"1136","Public Rack - Kimbark Ave & 67th St",45
"1137","Public Rack - King Dr & 115th St",64
"1138","Public Rack - King Dr & 71st St",5
"1139","Public Rack - King Dr & 83rd St",2
"1140","Public Rack - King Dr & Oakwood Blvd",27
"1141","Public Rack - Kingston Ave & 75th St",6
"1142","Public Rack - Kolin Ave & Archer Ave",6
"1143","Public Rack - Komensky Ave & 26th St",16
"1144","Public Rack - Komensky Ave & 59th St",1
"1145","Public Rack - Komensky Ave & 63rd St",4
"1146","Public Rack - Kostner Ave & 16th St",2
"1147","Public Rack - Kostner Ave & Armitage Ave",228
"1148","Public Rack - Kostner Ave & Diversey Ave",68
"1149","Public Rack - Kostner Ave & Lake St",3
"1150","Public Rack - Kostner Ave & North Ave",44
"1151","Public Rack - Kostner Ave & Wrightwood Ave",8
"1152","Public Rack - La Moyne Ave and Leamington Ave",6
"1153","Public Rack - Lafayette Ave & 87th St SW",1
"1154","Public Rack - Lafayette Ave & 95th St",31
"1155","Public Rack - Laflin St & 51st St",3
"1156","Public Rack - Laflin St &51st ST",2
"1157","Public Rack - Lake Park Ave & 47th St",3
"1158","Public Rack - Lake Shore Dr & Hayes Dr",68
"1159","Public Rack - Lamon Ave & Erie St",3
"1160","Public Rack - Langley Ave & 49th St",6
"1161","Public Rack - Langley Ave & 79th St",13
"1162","Public Rack - Langley Ave & 87th St",1
"1163","Public Rack - Langley Ave & Oakwood Blvd",4
"1164","Public Rack - Laporte Ave & Armitage Ave",6
"1165","Public Rack - Laramie Ave & Belmont Ave",97
"1166","Public Rack - Laramie Ave & Fullerton Ave",87
"1167","Public Rack - Laramie Ave & Grand Ave",43
"1168","Public Rack - Laramie Ave & Warwick Ave",37
"1169","Public Rack - Latrobe Ave & Lake St",14
"1170","Public Rack - Lawndale & 63rd St",5
"1171","Public Rack - Lawndale Ave & 23rd St",20
"1172","Public Rack - Lawndale Ave & 63rd St",23
"1173","Public Rack - Lawndale Ave & Diversey Ave",352
"1174","Public Rack - Lawndale Ave & Polk St",13
"1175","Public Rack - Lawrence Ave & 103rd St",1
"1176","Public Rack - Leclaire Ave & Division St",20
"1177","Public Rack - Legler Regional Library",13
"1178","Public Rack - Linder Ave & Belmont Ave",39
"1179","Public Rack - Lockwood Ave & Diversey Ave",234
"1180","Public Rack - Longwood Dr & 111th St",4
"1181","Public Rack - Longwood Dr & 95th St",1
"1182","Public Rack - Loomis Blvd & 47th St",2
"1183","Public Rack - Loomis Blvd & 83rd St",1
"1184","Public Rack - Loomis St & 87th St",48
"1185","Public Rack - Lorel Ave & Chicago Ave",8
"1186","Public Rack - Lorel Ave & Grand Ave",104
"1187","Public Rack - Lotus Ave & Harrison St",1
"1188","Public Rack - Lowe Ave & 98th St",1
"1189","Public Rack - Lowell Ave & Elston Ave",220
"1190","Public Rack - Mackinaw Ave & 106th St",1
"1191","Public Rack - Mackinaw Ave & 108th St",1
"1192","Public Rack - Maplewood Ave & 47th St",4
"1193","Public Rack - Maplewood Ave & 63rd St",2
"1194","Public Rack - Marquette Rd & 67th St",11
"1195","Public Rack - Marshfield Ave & 45th St",3
"1196","Public Rack - Marshfield Ave & 87th St",4
"1197","Public Rack - Martin Luther King Dr & 44th St",2
"1198","Public Rack - Martin Luther King Dr & 69th St",1
"1199","Public Rack - May St & 63rd St",1
"1200","Public Rack - May St & 78th St",2
"1201","Public Rack - May St & 87th St",1
"1202","Public Rack - McCormick Blvd & Devon Ave",69
"1203","Public Rack - McVicker Ave & Grand Ave",7
"1204","Public Rack - Melvina Ave & Belmont Ave",35
"1205","Public Rack - Menard Ave & Adams Blvd",1
"1206","Public Rack - Menard Ave & Agusta Blvd",5
"1207","Public Rack - Menard Ave & Belmont Ave",11
"1208","Public Rack - Menard Ave & Dakin St - midblock",45
"1209","Public Rack - Menard Ave & Grand Ave",36
"1210","Public Rack - Menard Ave & Madison St",1
"1211","Public Rack - Michele Clark Magnet High School",10
"1212","Public Rack - Michigan Ave & 107th St",3
"1213","Public Rack - Michigan Ave & 113th St",3
"1214","Public Rack - Michigan Ave & 119th St",2
"1215","Public Rack - Midway Orange Line",60
"1216","Public Rack - Milwaukee Ave & Addison St",116
"1217","Public Rack - Milwaukee Ave & Diversey Ave",657
"1218","Public Rack - Milwaukee Ave & Haussen Ct",175
"1219","Public Rack - Milwaukee Ave & School St",156
"1220","Public Rack - Milwaukee Ave & Waveland Ave",3
"1221","Public Rack - Monticello Ave & Belmont Ave",198
"1222","Public Rack - Morgan St & 87th St",1
"1223","Public Rack - Morgan St & 95th St",1
"1224","Public Rack - Mozart Elementary School",187
"1225","Public Rack - Mt Greenwood Library N",1
"1226","Public Rack - N Narragansett Ave & Grand Ave",8
"1227","Public Rack - N Sayre Ave & W Belden Ave",1
"1228","Public Rack - Nagle Ave & Belmont Ave",62
"1229","Public Rack - Narragansett Ave & Fullerton Ave",32
"1230","Public Rack - Neva Ave & Grand Ave",9
"1231","Public Rack - Newcastle Ave & Belmont Ave",5
"1232","Public Rack - Newcastle Ave & Wellington Ave",2
"1233","Public Rack - Nordica Ave & Addison St",3
"1234","Public Rack - Normal Ave & 111th St",18
"1235","Public Rack - Oakley Ave & 50th Pl",1
"1236","Public Rack - Oketo Ave & Belmont Ave",13
"1237","Public Rack - Oleander Ave & Addison St",1
"1238","Public Rack - Ozark Ave & Addison St",2
"1239","Public Rack - Parnell Ave & 103rd St",2
"1240","Public Rack - Paul Revere Elementary School",1
"1241","Public Rack - Paxton Ave & 79th St",10
"1242","Public Rack - Penn Elementary School / KIPP Ascend Middle School",47
"1243","Public Rack - Percy Julian HS",3
"1244","Public Rack - Perry Ave & 108th Pl",3
"1245","Public Rack - Perry Ave & 111th St",2
"1246","Public Rack - Peterson Ave & Bernard Ave",7
"1247","Public Rack - Peterson Ave & Drake Ave",5
"1248","Public Rack - Piotrowski Park",1
"1249","Public Rack - Prairie Ave & 47th St",15
"1250","Public Rack - Prairie Ave & Garfield Blvd",22
"1251","Public Rack - Prairie Ave & Garfield Blvd N",5
"1252","Public Rack - Pulaski & 52nd",11
"1253","Public Rack - Pulaski Rd & 15th St",8
"1254","Public Rack - Pulaski Rd & 40th St",3
"1255","Public Rack - Pulaski Rd & 44th St",56
"1256","Public Rack - Pulaski Rd & 51st Rd",7
"1257","Public Rack - Pulaski Rd & 5th Ave",10
"1258","Public Rack - Pulaski Rd & 65th St",12
"1259","Public Rack - Pulaski Rd & Armitage Ave",285
"1260","Public Rack - Pulaski Rd & Flournoy St",5
"1261","Public Rack - Pulaski Rd & Fullerton Ave",127
"1262","Public Rack - Pulaski Rd & Grenshaw St",5
"1263","Public Rack - Pulaski Rd & Lake St",39
"1264","Public Rack - Pulaski Rd & Polk St",3
"1265","Public Rack - Pulaski Rd & Roosevelt Rd",14
"1266","Public Rack - Pullman - Planet Fitness",7
"1267","Public Rack - Pullman - Walmart",16
"1268","Public Rack - Pullman Community Center",4
"1269","Public Rack - Racine Ave & 109th Pl",108
"1270","Public Rack - Racine Ave & 74th St",5
"1271","Public Rack - Racine Ave & 76th",2
"1272","Public Rack - Richmond St & Thorndale Ave",2
"1273","Public Rack - Robert Fulton Elementary School",7
"1274","Public Rack - Rockwell & 111th St",18
"1275","Public Rack - Rockwell & Division",72
"1276","Public Rack - Rockwell Ave & Touhy Ave",139
"1277","Public Rack - Roscoe St & Osceola Ave",1
"1278","Public Rack - Roswell B. Mason Elementary School",8
"1279","Public Rack - Rutherford Ave & Belmont Ave",2
"1280","Public Rack - Sacramento Ave & Devon Ave",123
"1281","Public Rack - Sacramento Ave & Greenleaf Ave",53
"1282","Public Rack - Sacramento Blvd & Division St",8
"1283","Public Rack - Saginaw Ave & 93rd St",11
"1284","Public Rack - Sangamon St & 79th St",1
"1285","Public Rack - Sawyer Ave & Bryn Mawr Ave - SE",9
"1286","Public Rack - Sawyer Ave & Bryn Mawr Ave - SW",8
"1287","Public Rack - Sawyer Ave & Chicago Ave",3
"1288","Public Rack - Sawyer Ave & Lawrence Ave",67
"1289","Public Rack - Senka ""Edward Duke"" Park",1
"1290","Public Rack - South Shore Dr & 71st St",24
"1291","Public Rack - Spaulding Ave & Bryn Mawr Ave",48
"1292","Public Rack - Spaulding Ave & Evergreen Ave",288
"1293","Public Rack - Spaulding Ave & Foster Ave",56
"1294","Public Rack - Spaulding Ave & North Ave",297
"1295","Public Rack - Spencer Elementary Technology Academy",4
"1296","Public Rack - Springfield Ave & 63rd St",1
"1297","Public Rack - St Louis Ave & Berteau Ave",35
"1298","Public Rack - St Louis Ave & Flournoy St",2
"1299","Public Rack - State ST & 42nd St",71
"1300","Public Rack - Stewart Ave & 123rd St",13
"1301","Public Rack - Stony Island & 87th St",11
"1302","Public Rack - Stony Island & 95th St",1
"1303","Public Rack - Strohacker Park",1
"1304","Public Rack - Talman Ave & 51st St",4
"1305","Public Rack - Talman Ave & Pershing Rd",16
"1306","Public Rack - Throop St & 109th Pl",11
"1307","Public Rack - Tripp Ave & North Ave",33
"1308","Public Rack - Troy & 111th St",1
"1309","Public Rack - Union Ave & 111th St",2
"1310","Public Rack - Vincennes Ave & 77th St",6
"1311","Public Rack - Vincennes Ave & 95th St",8
"1312","Public Rack - Wabash Ave & 87th St",2
"1313","Public Rack - Walden Pkwy & 103rd St",61
"1314","Public Rack - Walden Pkwy & 99th St",6
"1315","Public Rack - Wallace St & 119th St",3
"1316","Public Rack - Waller Ave & Chicago Ave",1
"1317","Public Rack - Washington Park Ct & 51st St",3
"1318","Public Rack - Washtenaw Ave & Devon Ave",283
"1319","Public Rack - Washtenaw Ave & Superior St",122
"1320","Public Rack - Wentworth Ave & 103rd St",3
"1321","Public Rack - Wentworth Ave & 79th St",3
"1322","Public Rack - West Chatham Park",3
"1323","Public Rack - Western Ave & 100th St",8
"1324","Public Rack - Western Ave & 104th St - East",2
"1325","Public Rack - Western Ave & 104th St - West",2
"1326","Public Rack - Western Ave & 105th St",7
"1327","Public Rack - Western Ave & 106th St - East",3
"1328","Public Rack - Western Ave & 107th Pl",4
"1329","Public Rack - Western Ave & 107th St",4
"1330","Public Rack - Western Ave & 110th St",12
"1331","Public Rack - Western Ave & 111th St - NW",1
"1332","Public Rack - Western Ave & 111th St - SW",1
"1333","Public Rack - Western Ave & 116th St",1
"1334","Public Rack - Western Ave & 118th St",3
"1335","Public Rack - Western Ave & 47th Pl",19
"1336","Public Rack - Western Ave & 79th St",4
"1337","Public Rack - Western Ave & 92nd Pl",6
"1338","Public Rack - Western Ave & 96th St",32
"1339","Public Rack - Western Ave & 98th St",10
"1340","Public Rack - Western Ave & Devon Ave",162
"1341","Public Rack - Western Ave & Jarvis Ave",111
"1342","Public Rack - Western Blvd & 49th St",92
"1343","Public Rack - Whipple St & 26th St",10
"1344","Public Rack - Whipple St & 63rd St",6
"1345","Public Rack - Wood St & 103rd St",18
"1346","Public Rack - Wood St & 47th St",13
"1347","Public Rack - Woodlawn Ave & 63rd St - NE",131
"1348","Public Rack - Woodlawn Ave & 63rd St - SE",40
"1349","Public Rack - Woodlawn Ave & 63rd St N",75
"1350","Public Rack - Woodlawn Ave & 63rd St S",8
"1351","Public Rack - Yates Ave & 100th St",1
"1352","Public Rack - Zapata Academy",17
"1353","Pulaski & 52nd",38
"1354","Pulaski & Ann Lurie Pl",147
"1355","Pulaski Rd & 21st St",333
"1356","Pulaski Rd & 40th St",6
"1357","Pulaski Rd & 41st",15
"1358","Pulaski Rd & 44th St",135
"1359","Pulaski Rd & 51st Rd",54
"1360","Pulaski Rd & 51st St",850
"1361","Pulaski Rd & 60th St",102
"1362","Pulaski Rd & Armitage Ave",50
"1363","Pulaski Rd & Congress Pkwy",181
"1364","Pulaski Rd & Eddy St (Temp)",762
"1365","Pulaski Rd & Fullerton Ave",80
"1366","Pulaski Rd & Lake St",170
"1367","Pullman - Planet Fitness",4
"1368","Pullman - Ross Dress for Less",8
"1369","Pullman - Walmart",43
"1370","Pullman Community Center",3
"1371","Racine Ave & 109th Pl",84
"1372","Racine Ave & 13th St",959
"1373","Racine Ave & 15th St",3217
"1374","Racine Ave & 18th St",7405
"1375","Racine Ave & 35th St",1279
"1376","Racine Ave & 61st St",63
"1377","Racine Ave & 65th St",68
"1378","Racine Ave & 74th St",18
"1379","Racine Ave & 76th",15
"1380","Racine Ave & 83rd St",1
"1381","Racine Ave & Belmont Ave",14530
"1382","Racine Ave & Congress Pkwy",7044
"1383","Racine Ave & Fullerton Ave",13361
"1384","Racine Ave & Fullerton Ave (Temp)",3674
"1385","Racine Ave & Garfield Blvd",230
"1386","Racine Ave & Randolph St",5729
"1387","Racine Ave & Washington Blvd",5367
"1388","Racine Ave & Wrightwood Ave",7969
"1389","Rainbow Beach",236
"1390","Ravenswood Ave & Berteau Ave",4224
"1391","Ravenswood Ave & Irving Park Rd",5966
"1392","Ravenswood Ave & Lawrence Ave",15839
"1393","Rhodes Ave & 32nd St",4858
"1394","Rhodes Ave & 71st St",60
"1395","Rhodes Ave & 79th St",4
"1396","Richmond St & 59th St",98
"1397","Richmond St & Diversey Ave",3379
"1398","Richmond St & Lincoln Ave",193
"1399","Ridge Blvd & Howard St",783
"1400","Ridge Blvd & Touhy Ave",807
"1401","Ritchie Ct & Banks St",12526
"1402","Robert Fulton Elementary School",69
"1403","Rockwell & 111th St",18
"1404","Rockwell Ave & Touhy Ave",19
"1405","Rockwell St & 57th St",181
"1406","Rockwell St & 63rd St",45
"1407","Rockwell St & Archer Ave",347
"1408","Rockwell St & Cermak Rd",787
"1409","Rockwell St & Eastwood Ave",3652
"1410","Rockwell St & Fletcher St",1684
"1411","Roscoe & Harlem",51
"1412","Rush St & Cedar St",17261
"1413","Rush St & Hubbard St",9902
"1414","Rush St & Superior St",15490
"1415","Rutherford Ave & Belmont Ave",9
"1416","S Aberdeen St & W 106th St",18
"1417","S Michigan Ave & E 118th St",6
"1418","S Wentworth Ave & W 111th St",22
"1419","Sacramento Ave & 25th St",75
"1420","Sacramento Ave & Devon Ave",21
"1421","Sacramento Ave & Greenleaf Ave",12
"1422","Sacramento Ave & Pershing Rd",238
"1423","Sacramento Blvd & Addison St",843
"1424","Sacramento Blvd & Division St",1
"1425","Sacramento Blvd & Franklin Blvd",447
"1426","Sacramento Blvd & Fulton Ave",119
"1427","Sacramento Blvd & Polk St",80
"1428","Sacramento Blvd & Washington Blvd",6
"1429","Sangamon St & 79th St",6
"1430","Sangamon St & Lake St",8816
"1431","Sangamon St & Washington Blvd",9287
"1432","Sawyer Ave & 111th St",5
"1433","Sawyer Ave & Bryn Mawr Ave - SE",7
"1434","Sawyer Ave & Irving Park Rd",1227
"1435","Sawyer Ave & Lawrence Ave",15
"1436","Sayre & Diversey",334
"1437","Sedgwick St & Huron St",10545
"1438","Sedgwick St & North Ave",15774
"1439","Sedgwick St & Schiller St",4461
"1440","Sedgwick St & Webster Ave",14381
"1441","Seeley Ave & Garfield Blvd",144
"1442","Seeley Ave & Roscoe St",6732
"1443","Senka ""Edward Duke"" Park",4
"1444","Shabbona Park",148
"1445","Shedd Aquarium",24201
"1446","Sheffield Ave & Fullerton Ave",23710
"1447","Sheffield Ave & Kingsbury St",14067
"1448","Sheffield Ave & Waveland Ave",23243
"1449","Sheffield Ave & Webster Ave",17923
"1450","Sheffield Ave & Wellington Ave",18148
"1451","Sheffield Ave & Willow St",11606
"1452","Sheffield Ave & Wrightwood Ave",17327
"1453","Sheridan Rd & Argyle St",3566
"1454","Sheridan Rd & Buena Ave",9404
"1455","Sheridan Rd & Columbia Ave",3815
"1456","Sheridan Rd & Greenleaf Ave",2189
"1457","Sheridan Rd & Irving Park Rd",17963
"1458","Sheridan Rd & Lawrence Ave",6963
"1459","Sheridan Rd & Loyola Ave",4907
"1460","Sheridan Rd & Montrose Ave",15058
"1461","Sheridan Rd & Noyes St (NU)",5784
"1462","Shields Ave & 28th Pl",2853
"1463","Shields Ave & 31st St",4142
"1464","Shields Ave & 43rd St",279
"1465","Shore Dr & 55th St",11936
"1466","Smith Park",2310
"1467","South Chicago Ave & 83rd St",80
"1468","South Chicago Ave & Elliot Ave",28
"1469","South Shore Dr & 67th St",1122
"1470","South Shore Dr & 71st St",1572
"1471","South Shore Dr & 74th St",538
"1472","South Shore High School",1
"1473","Southport Ave & Belmont Ave",12231
"1474","Southport Ave & Clark St",3023
"1475","Southport Ave & Clybourn Ave",11130
"1476","Southport Ave & Irving Park Rd",8033
"1477","Southport Ave & Roscoe St",20861
"1478","Southport Ave & Waveland Ave",19318
"1479","Southport Ave & Wellington Ave",13028
"1480","Southport Ave & Wrightwood Ave",12541
"1481","Spaulding Ave & 16th St",94
"1482","Spaulding Ave & 63rd St",137
"1483","Spaulding Ave & Armitage Ave",5677
"1484","Spaulding Ave & Bryn Mawr Ave",16
"1485","Spaulding Ave & Division St",2842
"1486","Spaulding Ave & Evergreen Ave",56
"1487","Spaulding Ave & Foster Ave",5
"1488","Spaulding Ave & North Ave",40
"1489","Springfield Ave & 47th St",97
"1490","Springfield Ave & 63rd St",24
"1491","St Louis Ave & 59th St",245
"1492","St Louis Ave & Berteau Ave",10
"1493","St Louis Ave & Norman Bobbins Ave",169
"1494","St. Clair St & Erie St",25194
"1495","St. Louis Ave & Balmoral Ave",961
"1496","St. Louis Ave & Fullerton Ave",3747
"1497","State St & 123rd St",80
"1498","State St & 19th St",2810
"1499","State St & 29th St",1237
"1500","State St & 33rd St",14150
"1501","State St & 35th St",5174
"1502","State St & 47th st",6
"1503","State St & 54th St",166
"1504","State St & 76th St",63
"1505","State St & 79th St",489
"1506","State St & 95th St",627
"1507","State St & Chicago Ave",19731
"1508","State St & Harrison St",7056
"1509","State St & Kinzie St",15905
"1510","State St & Pearson St",7749
"1511","State St & Pershing Rd",241
"1512","State St & Randolph St",18842
"1513","State St & Van Buren St",9067
"1514","Stave St & Armitage Ave",4885
"1515","Steelworkers Park",43
"1516","Stetson Ave & South Water St",10919
"1517","Stewart Ave & 123rd St",4
"1518","Stewart Ave & 63rd St",191
"1519","Stewart Ave & 83rd St",140
"1520","Stockton Dr & Wrightwood Ave",16465
"1521","Stony Is Ave & 73rd St",10
"1522","Stony Island & 95th St",1
"1523","Stony Island Ave & 64th St",441
"1524","Stony Island Ave & 67th St",446
"1525","Stony Island Ave & 71st St",392
"1526","Stony Island Ave & 75th St",374
"1527","Stony Island Ave & 82nd St",194
"1528","Stony Island Ave & 86th St",6
"1529","Stony Island Ave & 90th St",164
"1530","Stony Island Ave & South Chicago Ave",119
"1531","Streeter Dr & Grand Ave",75382
"1532","Strohacker Park",8
"1533","Summit Ave & 86th St",161
"1534","Talman Ave & 51st St - midblock",38
"1535","Talman Ave & Addison St",3670
"1536","The Montessori School of Englewood",1
"1537","Theater on the Lake",32988
"1538","Throop St & 109th Pl",1
"1539","Throop St & 52nd St",116
"1540","Throop St & 58th St",5
"1541","Throop St & Taylor St",7664
"1542","Torrence Ave  & 106th St",13
"1543","Torrence Ave & 103rd St",1
"1544","Torrence Ave & 106th St",124
"1545","Torrence Ave & 126th Pl",78
"1546","Torrence Ave & 98th St",1
"1547","Tripp Ave & 15th St",40
"1548","Tripp Ave & 31st St",105
"1549","Tripp Ave & 65th St",172
"1550","Troy & 111th St",1
"1551","Troy Ave & 27th St",71
"1552","Troy St & Elston Ave",2724
"1553","Troy St & Grace St",980
"1554","Troy St & Jackson Blvd",42
"1555","Troy St & North Ave",3516
"1556","Trumbull Ave & 111th St",5
"1557","Tuley (Murray) Park",2
"1558","Union Ave & Root St",456
"1559","University Ave & 57th St",25961
"1560","University Library (NU)",3193
"1561","Valli Produce - Evanston Plaza",894
"1562","Vernon Ave & 107th St",124
"1563","Vernon Ave & 75th St",180
"1564","Vernon Ave & 79th St",201
"1565","Vincennes Ave & 104th St",118
"1566","Vincennes Ave & 75th St",90
"1567","Vincennes Ave & 87th St",2
"1568","Vincennes Ave & 95th Pl",2
"1569","Vincennes Ave & 99th St",1
"1570","Virginia Ave & Catalpa Ave",233
"1571","W 103rd St & S Avers Ave",143
"1572","W Armitage Ave & N Sheffield Ave",2345
"1573","W Oakdale Ave & N Broadway",2910
"1574","W Washington Blvd & N Peoria St",503
"1575","Wabash Ave & 16th St",8014
"1576","Wabash Ave & 83rd St",54
"1577","Wabash Ave & 87th St",430
"1578","Wabash Ave & 9th St",14788
"1579","Wabash Ave & Adams St",10056
"1580","Wabash Ave & Cermak Rd",3845
"1581","Wabash Ave & Grand Ave",27337
"1582","Wabash Ave & Roosevelt Rd",21813
"1583","Wabash Ave & Wacker Pl",12505
"1584","Wacker Dr & Washington St",9165
"1585","Walden Pkwy & 100th St",277
"1586","Walden Pkwy & 103rd St",58
"1587","Walden Pkwy & 99th St",13
"1588","Wallace St & 112 St",4
"1589","Wallace St & 35th St",1860
"1590","Waller Ave & Chicago Ave",13
"1591","Walsh Park",7713
"1592","Warren Park East",1153
"1593","Warren Park West",1274
"1594","Washtenaw Ave & 63rd St",12
"1595","Washtenaw Ave & Lawrence Ave",3174
"1596","Washtenaw Ave & Madison St",172
"1597","Washtenaw Ave & Ogden Ave",1000
"1598","Washtenaw Ave & Peterson Ave",229
"1599","Washtenaw Ave & Polk St",604
"1600","Washtenaw Ave & Superior St",197
"1601","Wells St & 19th St",2434
"1602","Wells St & Concord Ln",37421
"1603","Wells St & Elm St",30338
"1604","Wells St & Evergreen Ave",20681
"1605","Wells St & Hubbard St",23641
"1606","Wells St & Huron St",24754
"1607","Wells St & Institute Pl",356
"1608","Wells St & Polk St",10081
"1609","Wells St & Walton St",9138
"1610","Wentworth Ave & 103rd St",8
"1611","Wentworth Ave & 104th St",35
"1612","Wentworth Ave & 24th St (Temp)",2411
"1613","Wentworth Ave & 33rd St",3147
"1614","Wentworth Ave & 35th St",1858
"1615","Wentworth Ave & 63rd St",409
"1616","Wentworth Ave & 79th St",2
"1617","Wentworth Ave & Cermak Rd",10686
"1618","West Chatham Park",2
"1619","West Lawn Park",1
"1620","Western & 28th - Velasquez Institute Vaccination Site",234
"1621","Western Ave & 100th St",19
"1622","Western Ave & 104th St",238
"1623","Western Ave & 104th St - East",8
"1624","Western Ave & 105th St",13
"1625","Western Ave & 106th St - East",14
"1626","Western Ave & 106th St - West",1
"1627","Western Ave & 111th St",275
"1628","Western Ave & 111th St - NW",18
"1629","Western Ave & 111th St - SE",3
"1630","Western Ave & 111th St - SW",19
"1631","Western Ave & 116th St",4
"1632","Western Ave & 118th St",17
"1633","Western Ave & 21st St",1615
"1634","Western Ave & 24th St",1085
"1635","Western Ave & 28th St",33
"1636","Western Ave & 62nd St",39
"1637","Western Ave & 79th St",64
"1638","Western Ave & 92nd Pl",37
"1639","Western Ave & Ardmore Ave",260
"1640","Western Ave & Berteau Ave",534
"1641","Western Ave & Congress Pkwy",3882
"1642","Western Ave & Division St",5212
"1643","Western Ave & Fillmore St",5949
"1644","Western Ave & Grace St",1104
"1645","Western Ave & Granville Ave",1539
"1646","Western Ave & Gunnison St",755
"1647","Western Ave & Howard St",1294
"1648","Western Ave & Jarvis Ave",54
"1649","Western Ave & Lake St",146
"1650","Western Ave & Leland Ave",8424
"1651","Western Ave & Lunt Ave",1646
"1652","Western Ave & Monroe St",2406
"1653","Western Ave & Roscoe St",3850
"1654","Western Ave & Walton St",7711
"1655","Western Ave & Winnebago Ave",10450
"1656","Western Blvd & 48th Pl",364
"1657","Western Blvd & 49th St",159
"1658","Western Blvd & 53rd St",2
"1659","Whippie St & 26th St",1
"1660","Whipple St & Roosevelt Rd",46
"1661","Whipple/Irving Park",527
"1662","William Rainey Harper High School",2
"1663","Wilton Ave & Belmont Ave",27017
"1664","Wilton Ave & Diversey Pkwy",16917
"1665","Wilton Ave & Diversey Pkwy - Charging",20
"1666","Wilton Ave & Diversey Pkwy*",2435
"1667","Winchester (Ravenswood) Ave & Balmoral Ave",2541
"1668","Winchester Ave & 87th St",7
"1669","Winchester Ave & Elston Ave",4169
"1670","Winthrop Ave & Lawrence Ave",6792
"1671","Wolcott (Ravenswood) Ave & Montrose Ave",5758
"1672","Wolcott Ave & 61st St",1
"1673","Wolcott Ave & Fargo Ave",548
"1674","Wolcott Ave & Polk St",10426
"1675","Wood St & 103rd St",28
"1676","Wood St & 35th St",960
"1677","Wood St & 47th St",56
"1678","Wood St & Augusta Blvd",5768
"1679","Wood St & Chicago Ave",7457
"1680","Wood St & Hubbard St",4414
"1681","Wood St & Milwaukee Ave",15310
"1682","Wood St & Taylor St (Temp)",6574
"1683","Wood St & Webster Ave",1183
"1684","Woodlawn & 103rd - Olive Harvey Vaccination Site",33
"1685","Woodlawn Ave & 55th St",8634
"1686","Woodlawn Ave & 75th St",58
"1687","Woodlawn Ave & Lake Park Ave",1458
"1688","Yale Ave & 119th St",2
"1689","Yates Blvd & 75th St",301
"1690","Yates Blvd & 93rd St",69
"1691","Yates Blvd & Exchange Ave",18
"1692","Zapata Academy",3
"1693",NA,892742
