"","start_station_name","n"
"1","10101 S Stony Island Ave",7
"2","111th St - Morgan Park Metra",47
"3","2112 W Peterson Ave",860
"4","532 E 43rd St",148
"5","63rd & Western Ave - north corner",24
"6","63rd & Western Ave - south corner",27
"7","63rd St Beach",820
"8","83rd St (Avalon Park) Metra",170
"9","900 W Harrison St",11491
"10","Abbott Park",14
"11","Aberdeen St & Jackson Blvd",11607
"12","Aberdeen St & Monroe St",9516
"13","Aberdeen St & Randolph St",10220
"14","Ada St & 113th St",68
"15","Ada St & 117th St",47
"16","Ada St & 119th St",78
"17","Ada St & 79th St",62
"18","Ada St & 95th St",145
"19","Ada St & Washington Blvd",7829
"20","Adler Planetarium",15442
"21","Al Raby School",228
"22","Albany Ave & 103rd St",4
"23","Albany Ave & 111th St - NW",5
"24","Albany Ave & 16th St",382
"25","Albany Ave & 26th St",342
"26","Albany Ave & 63rd St",59
"27","Albany Ave & Belmont Ave",2138
"28","Albany Ave & Bloomingdale Ave",4897
"29","Albany Ave & Douglas Blvd",165
"30","Albany Ave & Montrose Ave",1973
"31","Altgeld Gardens",69
"32","Archer (Damen) Ave & 37th St",529
"33","Archer Ave & 43rd St",451
"34","Archer Park",65
"35","Artesian Ave & 55th St",354
"36","Artesian Ave & Hubbard St",3729
"37","Ashland Ave & 13th St",3231
"38","Ashland Ave & 45th St",49
"39","Ashland Ave & 45th St - midblock south",33
"40","Ashland Ave & 46th St",17
"41","Ashland Ave & 50th St",159
"42","Ashland Ave & 63rd St",192
"43","Ashland Ave & 66th St",56
"44","Ashland Ave & 71st St",42
"45","Ashland Ave & 73rd St",7
"46","Ashland Ave & 74th St",102
"47","Ashland Ave & 76th St",55
"48","Ashland Ave & 78th St",96
"49","Ashland Ave & Archer Ave",1180
"50","Ashland Ave & Augusta Blvd",7016
"51","Ashland Ave & Belle Plaine Ave",3127
"52","Ashland Ave & Blackhawk St",9274
"53","Ashland Ave & Chicago Ave",5943
"54","Ashland Ave & Division St",22277
"55","Ashland Ave & Garfield Blvd",136
"56","Ashland Ave & Grace St",6955
"57","Ashland Ave & Grand Ave",5946
"58","Ashland Ave & Lake St",5237
"59","Ashland Ave & McDowell Ave",420
"60","Ashland Ave & Pershing Rd",256
"61","Ashland Ave & Wellington Ave",6641
"62","Ashland Ave & Wrightwood Ave",6045
"63","Augusta Blvd & Laramie Ave",299
"64","Austin Ave & Roscoe St",222
"65","Austin Ave & Wellington Ave - midblock",14
"66","Austin Ave & Wrightwood Ave",28
"67","Austin Blvd & Chicago Ave",276
"68","Austin Blvd & Lake St",456
"69","Austin Blvd & Madison St",329
"70","Austin Blvd & North Ave",29
"71","Austin Branch Chicago Public Library",36
"72","Avenue J & 102nd St",24
"73","Avenue J & 106th St",12
"74","Avenue J & 112th St",14
"75","Avenue L & 114th St",109
"76","Avenue M & 132nd St",3
"77","Avenue O & 118th St",132
"78","Avenue O & 134th St",95
"79","Avers Ave & Archer Ave",31
"80","Avers Ave & Belmont Ave",2299
"81","Avers Ave & Irving Park Rd",614
"82","Avers Ave & Ogden Ave",1
"83","Avondale Ave & Addison St",48
"84","Avondale Ave & Irving Park Rd",1949
"85","Back of the Yards Park",5
"86","Baltimore Ave & 132nd St",25
"87","Baltimore Ave & 133rd St",20
"88","Baltimore Ave & 87th St",154
"89","Bell Ave & 95th St",142
"90","Bennett Ave & 79th St",91
"91","Bennett Ave & 96th St",61
"92","Bensley Ave & 103rd St",14
"93","Benson Ave & Church St",4675
"94","Bernard St & Elston Ave",1954
"95","Big Marsh Park",228
"96","Bishop St & 46th St",25
"97","Bissell St & Armitage Ave",18118
"98","Blackstone Ave & Hyde Park Blvd",4260
"99","Bloomingdale Ave & Harlem Ave",211
"100","Blue Island Ave & 18th St",5690
"101","Bosworth Ave & Howard St",889
"102","Bradley Park",55
"103","Brandon Ave & 91st St",69
"104","Brighton Park Branch Chicago Library",21
"105","Broadway & Argyle St",8121
"106","Broadway & Barry Ave",28042
"107","Broadway & Belmont Ave",15780
"108","Broadway & Berwyn Ave",7478
"109","Broadway & Cornelia Ave",20313
"110","Broadway & Granville Ave",6530
"111","Broadway & Ridge Ave",6667
"112","Broadway & Sheridan Rd",14508
"113","Broadway & Thorndale Ave",6718
"114","Broadway & Waveland Ave",20651
"115","Broadway & Wilson - Truman College Vaccination Site",8370
"116","Broadway & Wilson Ave",1968
"117","Buckingham Fountain",9185
"118","Budlong Woods Library",1025
"119","Buffalo Ave & 133rd St",19
"120","Buffalo Ave & 89th St",24
"121","Burling St & Diversey Pkwy",14064
"122","Burnham Greenway & 105th St",222
"123","Burnham Greenway & 112th St",514
"124","Burnham Harbor",10090
"125","California & 16th St",297
"126","California Ave & 21st St",1186
"127","California Ave & 23rd Pl",766
"128","California Ave & 26th St",405
"129","California Ave & 29th St",171
"130","California Ave & 36th St",168
"131","California Ave & Altgeld St",3576
"132","California Ave & Byron St",2477
"133","California Ave & Cortez St",8111
"134","California Ave & Devon Ave - NE",44
"135","California Ave & Devon Ave - NW",20
"136","California Ave & Division St",4355
"137","California Ave & Fletcher St",3295
"138","California Ave & Francis Pl",4707
"139","California Ave & Lake St",1059
"140","California Ave & Marquette Rd",263
"141","California Ave & Milwaukee Ave",12374
"142","California Ave & Montrose Ave",3328
"143","California Ave & North Ave",5048
"144","California Ave & Ogden Ave",3
"145","California Ave & Pershing Rd",24
"146","California Ave & Touhy Ave - NW",204
"147","California Ave & Touhy Ave - SW",1
"148","California Ave & Winona St",1317
"149","Calumet Ave & 103rd St",46
"150","Calumet Ave & 18th St",8350
"151","Calumet Ave & 21st St",4041
"152","Calumet Ave & 33rd St",7367
"153","Calumet Ave & 35th St",2323
"154","Calumet Ave & 51st St",1221
"155","Calumet Ave & 71st St",77
"156","Calumet Ave & Garfield Blvd",123
"157","Calumet Park",289
"158","Campbell Ave & 51st St",396
"159","Campbell Ave & Fullerton Ave",3294
"160","Campbell Ave & Irving Park Rd",1143
"161","Campbell Ave & Montrose Ave",3178
"162","Campbell Ave & North Ave",6179
"163","Canal St & Adams St",21422
"164","Canal St & Harrison St",3137
"165","Canal St & Jackson Blvd",10603
"166","Canal St & Madison St",13984
"167","Canal St & Monroe St",11973
"168","Canal St & Taylor St",6566
"169","Cannon Dr & Fullerton Ave",6204
"170","Canty Elementary School",9
"171","Carpenter St & 63rd St",45
"172","Carpenter St & Huron St",10461
"173","Central Ave & Chicago Ave",455
"174","Central Ave & Congress Pkwy",111
"175","Central Ave & Corcoran Pl",335
"176","Central Ave & George St",135
"177","Central Ave & Harrison St",126
"178","Central Ave & Lake St",247
"179","Central Ave & Madison St",212
"180","Central Ave & North Ave",18
"181","Central Ave & Parker Ave",1533
"182","Central Ave & Roscoe St",945
"183","Central Park & Augusta Blvd",372
"184","Central Park Ave & 24th St",344
"185","Central Park Ave & Bloomingdale Ave",3126
"186","Central Park Ave & Douglas Blvd",180
"187","Central Park Ave & Elbridge Ave",3003
"188","Central Park Ave & Fillmore St",13
"189","Central Park Ave & North Ave",1349
"190","Central Park Ave & Ogden Ave",1193
"191","Central Park Ave & Ohio St",619
"192","Central Park Blvd & 5th Ave",192
"193","Central St & Girard Ave",1031
"194","Central St Metra",1024
"195","Champlain Ave & 134th St",26
"196","Chappel Ave & 71st St",34
"197","Chase Ave & Touhy Ave - NE",165
"198","Chase Ave & Touhy Ave - NW",47
"199","Cherry Ave & Blackhawk St",2083
"200","Chicago Ave & Sheridan Rd",4304
"201","Chicago Ave & Washington St",2980
"202","Chicago State University",400
"203","Chopin Park",7
"204","Christiana Ave & 55th St",28
"205","Christiana Ave & Archer Ave",294
"206","Christiana Ave & Belmont Ave",162
"207","Christiana Ave & Bryn Mawr Ave",2
"208","Christiana Ave & Lawrence Ave",2079
"209","Cicero Ave & Altgeld St",28
"210","Cicero Ave & Cortland St - midblock",24
"211","Cicero Ave & Flournoy St",91
"212","Cicero Ave & Grace St",1193
"213","Cicero Ave & Lake St",264
"214","Cicero Ave & Le Moyne St - midblock",13
"215","Cicero Ave & North Ave",53
"216","Cicero Ave & Quincy St",122
"217","Cicero Ave & Roscoe St",22
"218","Cicero Ave & Wellington Ave",194
"219","Cicero Ave & Wrightwood Ave",866
"220","City Rack - Albany Ave & 103rd St",3
"221","Cityfront Plaza Dr & Pioneer Ct",12029
"222","Claremont Ave & 71st St",72
"223","Claremont Ave & Hirsch St",2931
"224","Clarendon Ave & Gordon Ter",12793
"225","Clarendon Ave & Junior Ter",11192
"226","Clarendon Ave & Leland Ave",6955
"227","Clark St & 9th St (AMLI)",5678
"228","Clark St & Armitage Ave",27704
"229","Clark St & Berwyn Ave",10120
"230","Clark St & Bryn Mawr Ave",7563
"231","Clark St & Chicago Ave",11527
"232","Clark St & Columbia Ave",2209
"233","Clark St & Drummond Pl",21731
"234","Clark St & Elm St",33274
"235","Clark St & Elmdale Ave",3305
"236","Clark St & Grace St",12876
"237","Clark St & Ida B Wells Dr",6183
"238","Clark St & Jarvis Ave",1162
"239","Clark St & Lake St",14703
"240","Clark St & Leland Ave",8890
"241","Clark St & Lincoln Ave",25972
"242","Clark St & Lunt Ave",2923
"243","Clark St & Montrose Ave",6332
"244","Clark St & Newport St",22327
"245","Clark St & North Ave",12161
"246","Clark St & Randolph St",14285
"247","Clark St & Schiller St",18859
"248","Clark St & Schreiber Ave",3034
"249","Clark St & Touhy Ave",1000
"250","Clark St & Wellington Ave",16502
"251","Clark St & Winnemac Ave",13853
"252","Clark St & Wrightwood Ave",24709
"253","Clifton Ave & Armitage Ave",9949
"254","Clinton St & 18th St",3081
"255","Clinton St & Jackson Blvd",17831
"256","Clinton St & Lake St",17256
"257","Clinton St & Madison St",25144
"258","Clinton St & Polk St",1098
"259","Clinton St & Roosevelt Rd",8100
"260","Clinton St & Tilden St",4094
"261","Clinton St & Washington Blvd",24598
"262","Clybourn Ave & Division St",7084
"263","Clyde Ave & 87th St",108
"264","Colfax Ave & 83rd St",122
"265","Columbus Dr & Randolph St",17409
"266","Commercial Ave & 100th St",60
"267","Commercial Ave & 130th St",189
"268","Commercial Ave & 83rd St",191
"269","Commercial Ave & 89th St",22
"270","Conservatory Dr & Lake St",874
"271","Constance Ave & 95th St",112
"272","Corliss Ave & 103rd St",3
"273","Corliss Ave & 133rd St",13
"274","Cornell Ave & Hyde Park Blvd",7903
"275","Cornell Dr & Hayes Dr",135
"276","Cottage Grove & 84th St",13
"277","Cottage Grove & 85th St",17
"278","Cottage Grove & 86th St",39
"279","Cottage Grove Ave & 111th Pl",206
"280","Cottage Grove Ave & 111th St",294
"281","Cottage Grove Ave & 43rd St",1252
"282","Cottage Grove Ave & 47th St",1526
"283","Cottage Grove Ave & 51st St",1527
"284","Cottage Grove Ave & 63rd St",1243
"285","Cottage Grove Ave & 67th St",389
"286","Cottage Grove Ave & 71st St",270
"287","Cottage Grove Ave & 75th St",99
"288","Cottage Grove Ave & 78th St",171
"289","Cottage Grove Ave & 83rd St",324
"290","Cottage Grove Ave & 87th St",91
"291","Cottage Grove Ave & 89th Pl",32
"292","Cottage Grove Ave & 91st St",73
"293","Cottage Grove Ave & 92nd St",8
"294","Cottage Grove Ave & 98th St",153
"295","Cottage Grove Ave & Oakwood Blvd",1040
"296","Daley Center Plaza",14860
"297","Damen Ave & 33rd St",187
"298","Damen Ave & 47th St",148
"299","Damen Ave & 51st St",135
"300","Damen Ave & 59th St",203
"301","Damen Ave & 74th St",37
"302","Damen Ave & 80th St",40
"303","Damen Ave & 84th St",2
"304","Damen Ave & Charleston St",5724
"305","Damen Ave & Chicago Ave",10652
"306","Damen Ave & Clybourn Ave",4356
"307","Damen Ave & Cortland St",11439
"308","Damen Ave & Coulter St",723
"309","Damen Ave & Cullerton St",2840
"310","Damen Ave & Division St",9147
"311","Damen Ave & Foster Ave",4268
"312","Damen Ave & Grand Ave",5494
"313","Damen Ave & Leland Ave",5192
"314","Damen Ave & Madison St",2982
"315","Damen Ave & Melrose Ave",3714
"316","Damen Ave & Pershing Rd",428
"317","Damen Ave & Pierce Ave",20590
"318","Damen Ave & Sunnyside Ave",3621
"319","Damen Ave & Thomas St (Augusta Blvd)",7924
"320","Damen Ave & Wabansia Ave",8453
"321","Damen Ave & Walnut (Lake) St",3017
"322","Damen Ave & Wellington Ave",4852
"323","Dauphin Ave & 103rd St",132
"324","Dauphin Ave & 87th St",188
"325","Dayton St & North Ave",11008
"326","Dearborn Pkwy & Delaware Pl",20409
"327","Dearborn St & Adams St",8612
"328","Dearborn St & Erie St",24658
"329","Dearborn St & Monroe St",16709
"330","Dearborn St & Van Buren St",6756
"331","Delano Ct & Roosevelt Rd",6822
"332","Desplaines St & Jackson Blvd",11070
"333","Desplaines St & Kinzie St",19558
"334","Desplaines St & Randolph St",10777
"335","Divvy Valet - Oakwood Beach",11
"336","Dodge Ave & Church St",948
"337","Dodge Ave & Main St",494
"338","Dodge Ave & Mulford St",392
"339","Dorchester Ave & 49th St",1197
"340","Dorchester Ave & 63rd St",798
"341","Doty Ave & 111th St",143
"342","Drake Ave & Addison St",1590
"343","Drake Ave & Montrose Ave",1463
"344","Drexel Ave & 87th St",8
"345","DuSable Lake Shore Dr & Belmont Ave",19282
"346","DuSable Lake Shore Dr & Diversey Pkwy",21217
"347","DuSable Lake Shore Dr & Monroe St",39390
"348","DuSable Lake Shore Dr & North Blvd",38116
"349","DuSable Lake Shore Dr & Wellington Ave",18588
"350","DuSable Museum",1032
"351","Dusable Harbor",18363
"352","East End Ave & 75th St",51
"353","East End Ave & 87th St",183
"354","Eastlake Ter & Howard St",228
"355","Eastlake Ter & Rogers Ave",1758
"356","Eberhart Ave & 131st St",65
"357","Eberhart Ave & 61st St",419
"358","Eberhart Ave & 91st St",128
"359","Eckhart Park",8651
"360","Eggleston Ave & 114th St",4
"361","Eggleston Ave & 69th St",164
"362","Eggleston Ave & 92nd St",127
"363","Eli Whitney Public School",17
"364","Elizabeth (May) St & Fulton St",4599
"365","Elizabeth St & 47th St",129
"366","Elizabeth St & 59th St",55
"367","Elizabeth St & 92nd St",201
"368","Elizabeth St & Fulton St",1359
"369","Ellis Ave & 132nd Pl",26
"370","Ellis Ave & 53rd St",5353
"371","Ellis Ave & 55th St",17257
"372","Ellis Ave & 58th St",8965
"373","Ellis Ave & 60th St",21953
"374","Ellis Ave & 83rd St",176
"375","Elmwood Ave & Austin St",1005
"376","Elston Ave & Cortland St",8326
"377","Elston Ave & George St",4737
"378","Elston Ave & Henderson St",2868
"379","Elston Ave & Wabansia Ave",3211
"380","Emerald Ave & 28th St",2690
"381","Emerald Ave & 31st St",6236
"382","Emerald Ave & 43rd St",110
"383","Emerald Ave & 45th St",170
"384","Evans Ave & 63rd St",378
"385","Evans Ave & 75th St",234
"386","Evanston Civic Center",1224
"387","Ewing Ave & 101st St",16
"388","Ewing Ave & 105th St",29
"389","Ewing Ave & 106th St",35
"390","Ewing Ave & 112th St",6
"391","Ewing Ave & 96th St",24
"392","Ewing Ave & 99th St",9
"393","Ewing Ave & Burnham Greenway",167
"394","Ewing Ave & Indianapolis Ave",15
"395","Exchange Ave & 79th St",248
"396","Fairbanks Ct & Grand Ave",18379
"397","Fairbanks St & Superior St",7748
"398","Fairfield Ave & 44th St",422
"399","Fairfield Ave & Roosevelt Rd",561
"400","Federal St & Polk St",16992
"401","Field Blvd & South Water St",11444
"402","Field Museum",8600
"403","Financial Pl & Ida B Wells Dr",8492
"404","Forrestville Ave & 47th St",420
"405","Fort Dearborn Dr & 31st St",8241
"406","Francisco Ave & 47th St",357
"407","Francisco Ave & Bloomingdale Ave",4160
"408","Francisco Ave & Foster Ave",2325
"409","Francisco Ave & Hollywood Ave",606
"410","Francisco Ave & Montrose Ave",3322
"411","Franklin St & Adams St",9207
"412","Franklin St & Chicago Ave",15681
"413","Franklin St & Illinois St",13592
"414","Franklin St & Jackson Blvd",15976
"415","Franklin St & Lake St",14572
"416","Franklin St & Monroe St",14010
"417","Fullerton & Monitor",1191
"418","Glenwood Ave & Morse Ave",3983
"419","Glenwood Ave & Touhy Ave",2045
"420","Grand Ave & North Ave",28
"421","Green St & 103rd St",54
"422","Green St & Madison Ave",464
"423","Green St & Madison St",21036
"424","Green St & Randolph St",14564
"425","Green St & Washington Blvd",3534
"426","Greenview Ave & Diversey Pkwy",6702
"427","Greenview Ave & Fullerton Ave",12027
"428","Greenview Ave & Jarvis Ave",3234
"429","Greenwood Ave & 47th St",2086
"430","Greenwood Ave & 79th St",104
"431","Greenwood Ave & 87th St",1
"432","Greenwood Ave & 91st St",97
"433","Greenwood Ave & 97th St",148
"434","Greenwood Ave & Lake Park Ave",694
"435","Hale Ave & 107th St",212
"436","Hale Ave & 111th St",2
"437","Halsted & 63rd - Kennedy-King Vaccination Site",289
"438","Halsted St & 102nd St",34
"439","Halsted St & 104th St",153
"440","Halsted St & 111th St",259
"441","Halsted St & 18th St",3653
"442","Halsted St & 21st St",1901
"443","Halsted St & 35th St",2502
"444","Halsted St & 37th St",479
"445","Halsted St & 41st St",11
"446","Halsted St & 47th Pl",477
"447","Halsted St & 51st St",328
"448","Halsted St & 56th St",119
"449","Halsted St & 59th St",70
"450","Halsted St & 63rd St",179
"451","Halsted St & 64th St",18
"452","Halsted St & 69th St",91
"453","Halsted St & 73rd St",172
"454","Halsted St & 76th St",29
"455","Halsted St & 78th St",193
"456","Halsted St & 80th St",42
"457","Halsted St & 94th St",9
"458","Halsted St & 95th St - SE",8
"459","Halsted St & 95th St - SW",27
"460","Halsted St & 96th St",300
"461","Halsted St & Archer Ave",2450
"462","Halsted St & Clybourn Ave",19866
"463","Halsted St & Dickens Ave",15863
"464","Halsted St & Maxwell St",10129
"465","Halsted St & North Branch St",1967
"466","Halsted St & Polk St",14969
"467","Halsted St & Roosevelt Rd",7628
"468","Halsted St & Roscoe St",20499
"469","Halsted St & Willow St",11316
"470","Halsted St & Wrightwood Ave",19585
"471","Hamilton Ave & 95th St",36
"472","Hamilton Park",22
"473","Hamlin Ave & 62nd Pl",425
"474","Hamlin Ave & Chicago Ave",24
"475","Hamlin Ave & Fullerton Ave",385
"476","Hamlin Ave & Grand Ave",27
"477","Hamlin Ave & Montrose Ave",567
"478","Hampden Ct & Diversey Ave",13529
"479","Harding Ave & 26th St",479
"480","Harding Ave & 47th St",17
"481","Harlem & Irving Park",934
"482","Harlem Ave & Grace St",144
"483","Harold Washington Park",174
"484","Harper Ave & 59th St",5071
"485","Harper Ave & 63rd St",261
"486","Harriet E Sayre Public School",26
"487","Harvard Ave & 103rd St",23
"488","Harvard Ave & 119th St",9
"489","Harvey Ave & North Ave",122
"490","Hegewisch Metra Station",115
"491","Hermitage Ave & Polk St",5226
"492","Hiawatha Park",437
"493","Homan Ave & 111th St",10
"494","Homan Ave & 26th St",160
"495","Homan Ave & 65th St",249
"496","Homan Ave & Fillmore St",641
"497","Homewood Ave & 115th St",170
"498","Homewood Ave & Monterey Ave",51
"499","Honore St & 87th St - SE",13
"500","Honore St & Division St",11126
"501","Houston Ave & 91st St",68
"502","Houston Ave & 92nd St",178
"503","Hoyne Ave & 110th Pl",22
"504","Hoyne Ave & 34th St",446
"505","Hoyne Ave & 47th St",318
"506","Hoyne Ave & Balmoral Ave",2252
"507","Humboldt Blvd & Armitage Ave",5238
"508","Hyde Park Blvd & 53rd St",1215
"509","Hyde Park Blvd & 55th St",8615
"510","Indiana Ave & 103rd St",182
"511","Indiana Ave & 133rd St",15
"512","Indiana Ave & 26th St",2454
"513","Indiana Ave & 31st St",3668
"514","Indiana Ave & 40th St",387
"515","Indiana Ave & Roosevelt Rd",25688
"516","Ingleside Ave & 79th St",214
"517","Jefferson St & Monroe St",7987
"518","Jeffery Blvd & 67th St",751
"519","Jeffery Blvd & 71st St",481
"520","Jeffery Blvd & 76th St",174
"521","Jeffery Blvd & 83rd St",28
"522","Jeffrey Blvd & 71st St",124
"523","Jonathan Y Scammon Public School",154
"524","Justine St & 87th St",21
"525","Karlov Ave & Kamerling Ave",75
"526","Karlov Ave & Madison St",131
"527","Karlov Ave & Milwaukee Ave",24
"528","Kedvale Ave & 63rd St",26
"529","Kedvale Ave & Addison St",33
"530","Kedvale Ave & Avondale Ave",456
"531","Kedzie & 103rd St - East",18
"532","Kedzie & 103rd St - West",2
"533","Kedzie Ave & 104th St",96
"534","Kedzie Ave & 110th St",115
"535","Kedzie Ave & 21st St",474
"536","Kedzie Ave & 24th St",288
"537","Kedzie Ave & 45th St",372
"538","Kedzie Ave & 48th Pl",1464
"539","Kedzie Ave & 52nd St",288
"540","Kedzie Ave & 54th St - SE",82
"541","Kedzie Ave & 54th St - SW",75
"542","Kedzie Ave & 57th St",862
"543","Kedzie Ave & 58th St",68
"544","Kedzie Ave & 61st Pl",140
"545","Kedzie Ave & 63rd St",51
"546","Kedzie Ave & 64th St - SE",6
"547","Kedzie Ave & 64th St - SW",137
"548","Kedzie Ave & Archer Ave",44
"549","Kedzie Ave & Argyle St",564
"550","Kedzie Ave & Bryn Mawr Ave",1006
"551","Kedzie Ave & Chicago Ave",850
"552","Kedzie Ave & Foster Ave",1209
"553","Kedzie Ave & George St",5190
"554","Kedzie Ave & Harrison St",202
"555","Kedzie Ave & Lake St",987
"556","Kedzie Ave & Leland Ave",1640
"557","Kedzie Ave & Milwaukee Ave",13842
"558","Kedzie Ave & Palmer Ct",4291
"559","Kedzie Ave & Pershing Rd",33
"560","Kedzie Ave & Roosevelt Rd",344
"561","Keef Ave & South Chicago Ave",111
"562","Keeler Ave & 55th St",15
"563","Keeler Ave & Madison St",53
"564","Keeler Ave & Roosevelt Rd",225
"565","Kenneth Ave & 50th St",206
"566","Kenneth Ave & 63rd St",69
"567","Kenosha & Wellington",1887
"568","Kenton Ave & Madison St",111
"569","Kenton Ave & Palmer St",180
"570","Keystone Ave & Fullerton Ave",1249
"571","Keystone Ave & Irving Park Rd",69
"572","Keystone Ave & Montrose Ave",1009
"573","Keystone Ave & North Ave",521
"574","Kilbourn & Belden",1040
"575","Kilbourn & Roscoe",1622
"576","Kilbourn Ave & Fullerton Ave",14
"577","Kilbourn Ave & Irving Park Rd",555
"578","Kilbourn Ave & Milwaukee Ave",378
"579","Kildare & Cermak",192
"580","Kildare Ave & 26th St",89
"581","Kildare Ave & 47th St",339
"582","Kildare Ave & 55th St",377
"583","Kildare Ave & 63rd St",28
"584","Kildare Ave & Chicago Ave",178
"585","Kildare Ave & Division Ave",29
"586","Kildare Ave & Division St",185
"587","Kildare Ave & Montrose Ave",862
"588","Kildare Ave & Washignton Blvd",202
"589","Kilpatrick Ave & Grand Ave",693
"590","Kilpatrick Ave & Parker Ave",1266
"591","Kimball Ave & Belmont Ave",2592
"592","Kimball Ave & Carmen Ave",56
"593","Kimbark Ave & 53rd St",14372
"594","Kimbark Ave & 63rd St",72
"595","Kimbark Ave & 67th St",220
"596","King Dr & 83rd St",8
"597","Kingsbury St & Erie St",16704
"598","Kingsbury St & Kinzie St",32301
"599","Knox Ave & Montrose Ave",1112
"600","Kolin Ave & Archer Ave",58
"601","Komensky Ave & 31st St",421
"602","Komensky Ave & 55th St",523
"603","Komensky Ave & 59th St",67
"604","Kosciuszko Park",2624
"605","Kostner Ave & 63rd St",426
"606","Kostner Ave & Adams St",309
"607","Kostner Ave & Armitage Ave",406
"608","Kostner Ave & Lake St",127
"609","Kostner Ave & North Ave",23
"610","Kostner Ave & Wrightwood Ave",7114
"611","La Villita Park (Albany/30th)",147
"612","LaSalle Dr & Huron St",12306
"613","LaSalle St & Adams St",4635
"614","LaSalle St & Illinois St",22608
"615","LaSalle St & Jackson Blvd",12950
"616","LaSalle St & Washington St",8705
"617","Lafayette Ave & 119th St",3
"618","Lafayette Ave & 87th St - NW",124
"619","Lafayette Ave & 87th St - SW",98
"620","Lafayette Ave & 95th St",229
"621","Laflin St & 51st St",162
"622","Laflin St & 79th St",31
"623","Laflin St & Cullerton St",2842
"624","Lake Park Ave & 35th St",2501
"625","Lake Park Ave & 44th St",940
"626","Lake Park Ave & 47th St",2938
"627","Lake Park Ave & 53rd St",6733
"628","Lake Park Ave & 56th St",7043
"629","Lakefront Trail & Bryn Mawr Ave",12786
"630","Lakefront Trail & Wilson Ave",8408
"631","Lakeview Ave & Fullerton Pkwy",21215
"632","Lamon Ave & Archer Ave",8
"633","Lamon Ave & Armitage Ave",1064
"634","Lamon Ave & Belmont Ave",2021
"635","Lamon Ave & Chicago Ave",815
"636","Langley Ave & 105th Pl",94
"637","Langley Ave & 79th St",172
"638","Laramie Ave & Belmont Ave",56
"639","Laramie Ave & Fullerton Ave",114
"640","Laramie Ave & Gladys Ave",75
"641","Laramie Ave & Grand Ave",40
"642","Laramie Ave & Kinzie St",225
"643","Laramie Ave & Madison St",209
"644","Laramie Ave & Warwick Ave",4
"645","Larrabee St & Armitage Ave",8614
"646","Larrabee St & Division St",11072
"647","Larrabee St & Kingsbury St",17424
"648","Larrabee St & Menomonee St",5544
"649","Larrabee St & North Ave",6811
"650","Larrabee St & Oak St",7537
"651","Larrabee St & Webster Ave",21370
"652","Latrobe Ave & Chicago Ave",170
"653","Latrobe Ave & Lake St",29
"654","Lavergne & Fullerton",1572
"655","Lavergne Ave & 46th St",154
"656","Lavergne Ave & Division St",314
"657","Lawler Ave & 50th St",401
"658","Lawndale Ave & 111th St",177
"659","Lawndale Ave & 16th St",137
"660","Lawndale Ave & 30th St",396
"661","Lawndale Ave & Diversey Ave",1590
"662","Lawndale Ave & Polk St",68
"663","Lawrence Ave & 103rd St",62
"664","Leamington Ave & Hirsch St",519
"665","Leavitt St & Addison St",3054
"666","Leavitt St & Archer Ave",1130
"667","Leavitt St & Armitage Ave",5200
"668","Leavitt St & Belmont Ave",4455
"669","Leavitt St & Chicago Ave",4846
"670","Leavitt St & Division St",4655
"671","Leavitt St & Lawrence Ave",2857
"672","Leavitt St & North Ave",6550
"673","Legler Regional Library",19
"674","Lincoln Ave & Addison St",3537
"675","Lincoln Ave & Balmoral Ave",2388
"676","Lincoln Ave & Belle Plaine Ave",5522
"677","Lincoln Ave & Belmont Ave",8521
"678","Lincoln Ave & Diversey Pkwy",14694
"679","Lincoln Ave & Fullerton Ave",19847
"680","Lincoln Ave & Peterson Ave",1226
"681","Lincoln Ave & Roscoe St",9868
"682","Lincoln Ave & Sunnyside Ave",5616
"683","Lincoln Ave & Waveland Ave",4434
"684","Lincoln Ave & Winona St",2538
"685","Lincoln Park Conservatory",12198
"686","Lincolnwood Dr & Central St",550
"687","Linder Ave & Belmont Ave",12
"688","Lockwood Ave & Wrightwood Ave",2093
"689","Logan Blvd & Elston Ave",5941
"690","Long & Irving Park",1606
"691","Long Ave & Belden Ave",1313
"692","Long Ave & Belmont Ave",791
"693","Long Ave & North Ave",612
"694","Longwood Dr & 111th St",9
"695","Longwood Dr & 95th St",76
"696","Loomis Blvd & 83rd St",1
"697","Loomis Blvd & 84th St",151
"698","Loomis St & 87th St",161
"699","Loomis St & 89th St",153
"700","Loomis St & Archer Ave",1285
"701","Loomis St & Jackson Blvd",5992
"702","Loomis St & Lexington St",21745
"703","Lorel Ave & Chicago Ave",32
"704","Lowe Ave & 98th St",7
"705","Lowe Park",18
"706","Lowell Ave & Elston Ave",170
"707","MLK Jr Dr & 29th St",8474
"708","MLK Jr Dr & 47th St",590
"709","MLK Jr Dr & 56th St",445
"710","MLK Jr Dr & 63rd St",471
"711","MLK Jr Dr & 83rd St",160
"712","MLK Jr Dr & Pershing Rd",1206
"713","MTV Hubbard St",2392
"714","Mackinaw Ave & 106th St",7
"715","Mackinaw Ave & 108th St",9
"716","Mackinaw Ave & 85th St",11
"717","Major Ave & Bloomingdale Ave",325
"718","Major Taylor Trail & 115th St",139
"719","Major Taylor Trail & 124th St",102
"720","Malcolm X College",442
"721","Malcolm X College Vaccination Site",1507
"722","Manor Ave & Leland Ave",2008
"723","Maplewood Ave & 59th St",166
"724","Maplewood Ave & Peterson Ave",669
"725","Marine Dr & Ainslie St",6972
"726","Marquette Ave & 79th St",130
"727","Marquette Ave & 83rd St",22
"728","Marquette Ave & 89th St",135
"729","Marshfield Ave & 44th St",302
"730","Marshfield Ave & 45th St",84
"731","Marshfield Ave & 59th St",59
"732","Marshfield Ave & 87th St",11
"733","Martin Luther King Dr & 111th St",190
"734","Martin Luther King Dr & 44th St",59
"735","Martin Luther King Dr & 69th St",16
"736","Maryland Ave & 104th St",371
"737","Maryland Ave & 87th ST",17
"738","Mason Ave & Belmont Ave",387
"739","Mason Ave & Roosevelt Rd",23
"740","May St & 63rd St",56
"741","May St & 69th St",228
"742","May St & 78th St",4
"743","May St & Cullerton St",2598
"744","May St & Taylor St",12778
"745","Mayfield & Roosevelt Rd",138
"746","McClurg Ct & Erie St",14928
"747","McClurg Ct & Ohio St",19800
"748","McCormick Blvd & Devon Ave",134
"749","McCormick Place",5772
"750","McVicker Ave & Grand Ave",37
"751","Meade Ave & Addison St",493
"752","Meade Ave & Diversey Ave",562
"753","Melvina Ave & Belmont Ave",35
"754","Menard Ave & Adams Blvd",17
"755","Menard Ave & Agusta Blvd",51
"756","Menard Ave & Belmont Ave",12
"757","Menard Ave & Dakin St - midblock",338
"758","Menard Ave & Division St",181
"759","Menard Ave & Grand Ave",55
"760","Menard Ave & Madison St",143
"761","Menard Ave & North Ave",142
"762","Michigan Ave & 102nd St",23
"763","Michigan Ave & 110th St",27
"764","Michigan Ave & 113th St",35
"765","Michigan Ave & 114th St",58
"766","Michigan Ave & 119th St",4
"767","Michigan Ave & 14th St",11214
"768","Michigan Ave & 18th St",9292
"769","Michigan Ave & 71st St",97
"770","Michigan Ave & 8th St",16834
"771","Michigan Ave & 96th St",86
"772","Michigan Ave & Ida B Wells Dr",7319
"773","Michigan Ave & Jackson Blvd",12407
"774","Michigan Ave & Lake St",20571
"775","Michigan Ave & Madison St",10136
"776","Michigan Ave & Oak St",37599
"777","Michigan Ave & Pearson St",9992
"778","Michigan Ave & Washington St",22736
"779","Midway Orange Line",314
"780","Mies van der Rohe Way & Chestnut St",14966
"781","Mies van der Rohe Way & Chicago Ave",14592
"782","Millard Ave & 26th St",420
"783","Millennium Park",33053
"784","Milwaukee Ave & Addison St",396
"785","Milwaukee Ave & Cuyler Ave",743
"786","Milwaukee Ave & Diversey Ave",651
"787","Milwaukee Ave & Fullerton Ave",13780
"788","Milwaukee Ave & Grand Ave",14607
"789","Milwaukee Ave & Haussen Ct",180
"790","Milwaukee Ave & Rockwell St",4543
"791","Milwaukee Ave & School St",848
"792","Milwaukee Ave & Wabansia Ave",11610
"793","Milwaukee Ave & Waveland Ave",16
"794","Monticello Ave & Belmont Ave",892
"795","Monticello Ave & Chicago Ave",374
"796","Monticello Ave & Irving Park Rd",1595
"797","Montrose Harbor",19195
"798","Morgan Ave & 14th Pl",4614
"799","Morgan St & 103rd St",11
"800","Morgan St & 18th St",5505
"801","Morgan St & 31st St",3327
"802","Morgan St & 87th St",190
"803","Morgan St & 95th St",67
"804","Morgan St & Lake St",14453
"805","Morgan St & Pershing Rd",145
"806","Morgan St & Polk St",14825
"807","Mozart Elementary School",1733
"808","Mozart St & Jackson Blvd",284
"809","Mt Greenwood Library - North",3
"810","Mt Greenwood Library - South",11
"811","Mulligan Ave & Wellington Ave",898
"812","Museum of Science and Industry",4400
"813","Muskegon Ave & 89th St",7
"814","N Carpenter St & W Lake St",4958
"815","N Clark St & W Elm St",12112
"816","N Damen Ave & W Chicago Ave",5128
"817","N Green St & W Lake St",13356
"818","N Narragansett Ave & Grand Ave",122
"819","N Paulina St & Lincoln Ave",6055
"820","N Sayre Ave & W Belden Ave",4
"821","N Sheffield Ave & W Wellington Ave",13198
"822","N Shore Channel Trail & Argyle Ave",16
"823","N Shore Channel Trail & Argyle St",1661
"824","N Southport Ave & W Newport Ave",5856
"825","Nagle Ave & Belmont Ave",77
"826","Narragansett & Irving Park",909
"827","Narragansett & McLean",484
"828","Narragansett & Wrightwood",3256
"829","Narragansett Ave & Fullerton Ave",285
"830","Narragansett Ave & School St",670
"831","Neva Ave & Grand Ave",199
"832","New England Ave & Grace St",57
"833","New St & Illinois St",20403
"834","Newcastle Ave & Belden Ave",182
"835","Newcastle Ave & Belmont Ave",14
"836","Newcastle Ave & Wellington Ave",5
"837","Newland Ave & Diversey Ave",9
"838","Noble St & Milwaukee Ave",7992
"839","Nordica & Medill",294
"840","Nordica Ave & Addison St",39
"841","Normal Ave & 72nd St",47
"842","Normal Ave & Archer Ave",1064
"843","North Ave & New England Ave",121
"844","Oak Park & Wellington",464
"845","Oakley Ave & Irving Park Rd",2427
"846","Oakley Ave & Touhy Ave",560
"847","Ogden Ave & Chicago Ave",11092
"848","Ogden Ave & Congress Pkwy",3122
"849","Ogden Ave & Race Ave",9257
"850","Ogden Ave & Roosevelt Rd",1889
"851","Oglesby Ave & 100th St",94
"852","Oglesby Ave & 105th St",34
"853","Oglesby Ave & 95th St",81
"854","Oketo Ave & Addison St",232
"855","Oketo Ave & Belmont Ave",19
"856","Oleander Ave & Addison St",23
"857","Olive Harvey College",117
"858","Orange & Addison",584
"859","Orleans St & Chestnut St (NEXT Apts)",9058
"860","Orleans St & Elm St",4990
"861","Orleans St & Hubbard St",8409
"862","Orleans St & Merchandise Mart Plaza",15788
"863","Orville T Bright School",6
"864","Ozark Ave & Addison St",24
"865","Panama Ave & Forest Preserve Ave",12
"866","Panama Ave & Grace St",43
"867","Park Manor Elementary School",5
"868","Parkside Ave & Armitage Ave",135
"869","Parnell Ave & 103rd St",2
"870","Parnell Ave & 119th St",211
"871","Parnell Ave & 98th St",5
"872","Paulina Ave & North Ave",8265
"873","Paulina St & 18th St",4739
"874","Paulina St & Flournoy St",8927
"875","Paulina St & Howard St",2303
"876","Paulina St & Montrose Ave",3886
"877","Penn Elementary School / KIPP Ascend Middle School",3
"878","Peoria St & Jackson Blvd",16641
"879","Percy Julian HS",5
"880","Perry Ave & 108th Pl",145
"881","Perry Ave & 69th St",256
"882","Phillips Ave & 79th St",319
"883","Phillips Ave & 83rd St",142
"884","Pine Grove Ave & Irving Park Rd",14574
"885","Pine Grove Ave & Waveland Ave",18680
"886","Ping Tom Park (East)",1212
"887","Piotrowski Park",3
"888","Pittsburgh Ave & Irving Park",5
"889","Plainfield & Irving Park",84
"890","Plainfield Ave & Irving Park Rd",1
"891","Prairie Ave & 43rd St",901
"892","Prairie Ave & 47th St - midblock",250
"893","Prairie Ave & Garfield Blvd",1671
"894","Princeton Ave & 43rd St",107
"895","Princeton Ave & 47th St",754
"896","Princeton Ave & Garfield Blvd",410
"897","Prospect Sq & 91st St",202
"898","Pubic Rack - Pulaski Rd & 41st",18
"899","Public  Rack - Albany Ave & 63rd St",30
"900","Public Rack - 10557 S Western Ave",20
"901","Public Rack - 111th St - Morgan Park Metra",19
"902","Public Rack - 532 E 43rd St",50
"903","Public Rack - 53rd St & Indiana Ave",2
"904","Public Rack - 63rd & Western Ave N",30
"905","Public Rack - 63rd & Western Ave S",7
"906","Public Rack - Abbott Park",5
"907","Public Rack - Aida Food Market",7
"908","Public Rack - Al Raby School",153
"909","Public Rack - Albany Ave & 111th St - NW",1
"910","Public Rack - Ashland Ave & 45th St",92
"911","Public Rack - Ashland Ave & 63rd St",60
"912","Public Rack - Ashland Ave & 71st St",19
"913","Public Rack - Ashland Ave & 74th St",1
"914","Public Rack - Ashland Ave & 76th St",20
"915","Public Rack - Ashland Ave & 83rd St",14
"916","Public Rack - Ashland Ave & 91st St",64
"917","Public Rack - Austin Ave & Roscoe St",240
"918","Public Rack - Austin Ave & Wellington Ave",28
"919","Public Rack - Austin Ave & Wellington Ave - midblock",14
"920","Public Rack - Austin Ave & Wrightwood Ave",170
"921","Public Rack - Austin Blvd & North Ave",130
"922","Public Rack - Austin Branch Chicago Public Library",28
"923","Public Rack - Ave L & 105th St",2
"924","Public Rack - Ave N & 106th St",1
"925","Public Rack - Avenue J & 102nd St",2
"926","Public Rack - Avenue J & 106th St",3
"927","Public Rack - Avenue J & 112th St",2
"928","Public Rack - Avers Ave & Archer Ave",10
"929","Public Rack - Avers Ave & Irving Park Rd",545
"930","Public Rack - Avers Ave & Ogden Ave",50
"931","Public Rack - Avondale Ave & Addison St",410
"932","Public Rack - Baltimore Ave & 132nd St",5
"933","Public Rack - Bell Ave & 95th St",37
"934","Public Rack - Bensley Ave & 103rd St",3
"935","Public Rack - Brainerd Park",100
"936","Public Rack - Brandon Ave & 91st St",27
"937","Public Rack - Brighton Park Branch Chicago Library",8
"938","Public Rack - Buffalo Ave & 133rd St",4
"939","Public Rack - Buffalo Ave & 89th St",5
"940","Public Rack - Burnside Academy",2
"941","Public Rack - California Ave & Cortez St",1972
"942","Public Rack - California Ave & Devon Ave - NE",59
"943","Public Rack - California Ave & Devon Ave - NW",110
"944","Public Rack - California Ave & Ogden Ave",112
"945","Public Rack - California Ave & Pershing Rd",10
"946","Public Rack - California Ave & Touhy Ave - NW",91
"947","Public Rack - California Ave & Touhy Ave - SW",12
"948","Public Rack - California Ave & Touhy Ave - midblock",1
"949","Public Rack - Calumet Ave & 51st St",123
"950","Public Rack - Calumet Ave & Garfield Blvd",15
"951","Public Rack - Campbell Ave & Pratt Blvd",231
"952","Public Rack - Central Ave & Adams St",715
"953","Public Rack - Central Ave & Corcoran Pl",126
"954","Public Rack - Central Ave & George St",117
"955","Public Rack - Central Ave & North Ave",38
"956","Public Rack - Central Park Ave & 16th St",9
"957","Public Rack - Central Park Ave & Fillmore St",34
"958","Public Rack - Central Park Ave & Fulton Blvd",3
"959","Public Rack - Central Park Ave & Ogden Ave",37
"960","Public Rack - Champlain Ave & 65th St",100
"961","Public Rack - Chappel Ave & 71st St",2
"962","Public Rack - Chase Ave & Touhy Ave - NE",91
"963","Public Rack - Chase Ave & Touhy Ave - NW",41
"964","Public Rack - Chopin Park",89
"965","Public Rack - Christiana Ave & 55th St",5
"966","Public Rack - Christiana Ave & Archer Ave",156
"967","Public Rack - Christiana Ave & Belmont Ave",659
"968","Public Rack - Christiana Ave & Bryn Mawr Ave",61
"969","Public Rack - Christiana Ave & Lawrence Ave",191
"970","Public Rack - Cicero Ave & Altgeld St",148
"971","Public Rack - Cicero Ave & Cortland St - midblock",106
"972","Public Rack - Cicero Ave & Le Moyne St - midblock",64
"973","Public Rack - Cicero Ave & North Ave",271
"974","Public Rack - Cicero Ave & Roscoe St",203
"975","Public Rack - Cicero Ave & Wellington Ave",79
"976","Public Rack - Cicero Ave & Wrightwood Ave",799
"977","Public Rack - Claremont Ave & 71st St",5
"978","Public Rack - Clyde Ave & 87th St",63
"979","Public Rack - Colfax Ave & 83rd St",12
"980","Public Rack - Commercial Ave & 89th St",3
"981","Public Rack - Cornell Ave & 87th Pl",44
"982","Public Rack - Cottage Grove & 85th St",13
"983","Public Rack - Cottage Grove & 86th St",12
"984","Public Rack - Cottage Grove Ave & 87th St",15
"985","Public Rack - Cottage Grove Ave & 92nd St",8
"986","Public Rack - Cottage Grove Ave & 98th St",27
"987","Public Rack - Crandon Ave & 80th St",1
"988","Public Rack - Damen Ave & 47th St",6
"989","Public Rack - Damen Ave & 80th St",19
"990","Public Rack - Division St & Christiana Ave",149
"991","Public Rack - Drake Ave & Leland Ave",510
"992","Public Rack - East End Ave & 75th St",70
"993","Public Rack - East End Ave & 87th St",42
"994","Public Rack - Eberhart Ave & 61st St",154
"995","Public Rack - Eggleston Ave & 115th St",6
"996","Public Rack - Eli Whitney Public School",84
"997","Public Rack - Ellis Ave & Doty Ave",1
"998","Public Rack - Emerald Ave & 43rd St",8
"999","Public Rack - Emerald Ave & 45th St",19
"1000","Public Rack - Evans Ave & 63rd St",168
"1001","Public Rack - Ewing Ave & 101st St",5
"1002","Public Rack - Ewing Ave & 102nd St",2
"1003","Public Rack - Ewing Ave & 105th St",11
"1004","Public Rack - Ewing Ave & 106th St",8
"1005","Public Rack - Ewing Ave & 107th St",21
"1006","Public Rack - Ewing Ave & 95th St",3
"1007","Public Rack - Ewing Ave & 96th St N",17
"1008","Public Rack - Ewing Ave & 96th St S",2
"1009","Public Rack - Ewing Ave & 99th St",1
"1010","Public Rack - Exchange Ave & 73rd Pl",294
"1011","Public Rack - Fairfield Ave & 63rd St",35
"1012","Public Rack - Forrestville Ave & 47th St",97
"1013","Public Rack - Francisco Ave & Touhy Ave",11
"1014","Public Rack - Fullerton Ave & Lavergne Ave",69
"1015","Public Rack - Fullerton Ave & Narragansett Ave",148
"1016","Public Rack - Garfield Park Conservatory",4
"1017","Public Rack - Grand Ave & Lawndale Ave",8
"1018","Public Rack - Grand Ave & North Ave",117
"1019","Public Rack - Green St & 103rd St",1
"1020","Public Rack - Greenwood Ave & Lake Park Ave",90
"1021","Public Rack - Halsted St & 102nd St",7
"1022","Public Rack - Halsted St & 109th St",141
"1023","Public Rack - Halsted St & 111th St",10
"1024","Public Rack - Halsted St & 113th St",3
"1025","Public Rack - Halsted St & 41st St",11
"1026","Public Rack - Halsted St & 63rd St",5
"1027","Public Rack - Halsted St & 64th St",38
"1028","Public Rack - Halsted St & 76th St",8
"1029","Public Rack - Halsted St & 95th St - SE",30
"1030","Public Rack - Halsted St & 95th St - SW",1
"1031","Public Rack - Hamilton Ave & 95th St",41
"1032","Public Rack - Hamlin Ave & Chicago Ave",17
"1033","Public Rack - Hamlin Ave & Fullerton Ave",1943
"1034","Public Rack - Hamlin Ave & Grand Ave",182
"1035","Public Rack - Hamlin Ave & Madison St",234
"1036","Public Rack - Hamlin Ave & Montrose Ave",492
"1037","Public Rack - Harding Ave & 47th St",6
"1038","Public Rack - Harold Washington Park",198
"1039","Public Rack - Harper Ave & 63rd St",28
"1040","Public Rack - Harriet E Sayre Public School",9
"1041","Public Rack - Harvard Ave & 103rd St",5
"1042","Public Rack - Harvey Ave & North Ave",82
"1043","Public Rack - Homan Ave & 111th St",5
"1044","Public Rack - Homan Ave & 26th St",199
"1045","Public Rack - Homan Ave & Lake St",99
"1046","Public Rack - Homan Ave & Roosevelt",10
"1047","Public Rack - Houston Ave & 131st St",4
"1048","Public Rack - Hoyne Ave & 110th Pl",44
"1049","Public Rack - Hoyne Ave & 51st St",6
"1050","Public Rack - Hyde Park Blvd & 53rd St",55
"1051","Public Rack - Hyde Park Blvd & 55th St",274
"1052","Public Rack - Independence Blvd & Roosevelt",1
"1053","Public Rack - Jeffery Blvd & 67th St",29
"1054","Public Rack - Jeffery Blvd & 81st St",77
"1055","Public Rack - Jeffery Blvd & 83rd St",17
"1056","Public Rack - Jeffrey Blvd & 71st St",55
"1057","Public Rack - Jensen Park",297
"1058","Public Rack - Jonathan Y Scammon Public School",330
"1059","Public Rack - Karlov Ave & 26th St",6
"1060","Public Rack - Karlov Ave & Kamerling Ave",281
"1061","Public Rack - Karlov Ave & Milwaukee Ave",291
"1062","Public Rack - Kedvale Ave & 26th St",6
"1063","Public Rack - Kedvale Ave & 63rd St",5
"1064","Public Rack - Kedvale Ave & 63rd St W",6
"1065","Public Rack - Kedvale Ave & Addison St",28
"1066","Public Rack - Kedvale Ave & Avondale Ave",131
"1067","Public Rack - Kedzie & 103rd St - East",5
"1068","Public Rack - Kedzie & 103rd St - W",2
"1069","Public Rack - Kedzie Ave & 54th Pl",6
"1070","Public Rack - Kedzie Ave & 54th St - SE",33
"1071","Public Rack - Kedzie Ave & 54th St - SW",7
"1072","Public Rack - Kedzie Ave & 58th St",32
"1073","Public Rack - Kedzie Ave & 60th St",8
"1074","Public Rack - Kedzie Ave & 61st Pl",8
"1075","Public Rack - Kedzie Ave & 61st Pl E",42
"1076","Public Rack - Kedzie Ave & 61st Pl W",62
"1077","Public Rack - Kedzie Ave & 62nd Pl",59
"1078","Public Rack - Kedzie Ave & 63rd St",24
"1079","Public Rack - Kedzie Ave & 64th St - SE",16
"1080","Public Rack - Kedzie Ave & 64th St - SW",19
"1081","Public Rack - Kedzie Ave & Archer Ave",41
"1082","Public Rack - Kedzie Ave & Argyle St",515
"1083","Public Rack - Kedzie Ave & Arthington St",9
"1084","Public Rack - Kedzie Ave & Chicago Ave",170
"1085","Public Rack - Kedzie Ave & Pershing Rd",2
"1086","Public Rack - Kedzie Ave & Walnut St",38
"1087","Public Rack - Keef Ave & South Chicago Ave",24
"1088","Public Rack - Keeler Ave & 26th St",1
"1089","Public Rack - Keeler Ave & 55th St",13
"1090","Public Rack - Kenneth Ave & 63rd St E",23
"1091","Public Rack - Kenneth Ave & 63rd St W",5
"1092","Public Rack - Kenton Ave & Palmer St",240
"1093","Public Rack - Keystone Ave & Irving Park Rd",492
"1094","Public Rack - Keystone Ave & North Ave",464
"1095","Public Rack - Kilbourn Ave & Fullerton Ave",129
"1096","Public Rack - Kildare Ave & 63rd St",2
"1097","Public Rack - Kildare Ave & Division Ave",6
"1098","Public Rack - Kildare Ave & Division St",290
"1099","Public Rack - Kildare Ave & North Ave",22
"1100","Public Rack - Kildare Ave & Washignton Blvd",1
"1101","Public Rack - Kimball Ave & Carmen Ave",72
"1102","Public Rack - Kimbark Ave & 63rd St",112
"1103","Public Rack - Kimbark Ave & 67th St",119
"1104","Public Rack - King Dr & 115th St",134
"1105","Public Rack - King Dr & 71st St",73
"1106","Public Rack - King Dr & 83rd St",8
"1107","Public Rack - King Dr & Oakwood Blvd",363
"1108","Public Rack - Kingston Ave & 75th St",39
"1109","Public Rack - Kolin Ave & Archer Ave",15
"1110","Public Rack - Komensky Ave & 26th St",19
"1111","Public Rack - Komensky Ave & 59th St",1
"1112","Public Rack - Komensky Ave & 63rd St",6
"1113","Public Rack - Kostner Ave & 16th St",27
"1114","Public Rack - Kostner Ave & Armitage Ave",366
"1115","Public Rack - Kostner Ave & Diversey Ave",142
"1116","Public Rack - Kostner Ave & Lake St",7
"1117","Public Rack - Kostner Ave & North Ave",77
"1118","Public Rack - Kostner Ave & Wrightwood Ave",24
"1119","Public Rack - La Moyne Ave and Leamington Ave",30
"1120","Public Rack - Lafayette Ave & 87th St SW",12
"1121","Public Rack - Lafayette Ave & 95th St",90
"1122","Public Rack - Laflin St & 51st St",6
"1123","Public Rack - Laflin St &51st ST",3
"1124","Public Rack - Lake Park Ave & 47th St",109
"1125","Public Rack - Lake Shore Dr & Hayes Dr",291
"1126","Public Rack - Lamon Ave & Erie St",24
"1127","Public Rack - Langley Ave & 49th St",325
"1128","Public Rack - Langley Ave & 79th St",45
"1129","Public Rack - Langley Ave & 87th St",3
"1130","Public Rack - Langley Ave & Oakwood Blvd",4
"1131","Public Rack - Laporte Ave & Armitage Ave",25
"1132","Public Rack - Laramie Ave & Belmont Ave",199
"1133","Public Rack - Laramie Ave & Fullerton Ave",181
"1134","Public Rack - Laramie Ave & Grand Ave",85
"1135","Public Rack - Laramie Ave & Warwick Ave",56
"1136","Public Rack - Latrobe Ave & Lake St",40
"1137","Public Rack - Lawndale & 63rd St",4
"1138","Public Rack - Lawndale Ave & 23rd St",24
"1139","Public Rack - Lawndale Ave & 63rd St",61
"1140","Public Rack - Lawndale Ave & Diversey Ave",2412
"1141","Public Rack - Lawndale Ave & Polk St",30
"1142","Public Rack - Leclaire Ave & Division St",77
"1143","Public Rack - Legler Regional Library",66
"1144","Public Rack - Linder Ave & Belmont Ave",60
"1145","Public Rack - Lockwood Ave & Diversey Ave",393
"1146","Public Rack - Longwood Dr & 111th St",5
"1147","Public Rack - Longwood Dr & 95th St",14
"1148","Public Rack - Loomis Blvd & 47th St",3
"1149","Public Rack - Loomis Blvd & 83rd St",1
"1150","Public Rack - Loomis St & 87th St",62
"1151","Public Rack - Lorel Ave & Chicago Ave",28
"1152","Public Rack - Lorel Ave & Grand Ave",203
"1153","Public Rack - Lowell Ave & Elston Ave",352
"1154","Public Rack - Mackinaw Ave & 106th St",1
"1155","Public Rack - Maplewood Ave & 47th St",10
"1156","Public Rack - Maplewood Ave & 63rd St",9
"1157","Public Rack - Marquette Rd & 67th St",52
"1158","Public Rack - Marshfield Ave & 45th St",26
"1159","Public Rack - Marshfield Ave & 87th St",4
"1160","Public Rack - Martin Luther King Dr & 44th St",27
"1161","Public Rack - Martin Luther King Dr & 69th St",13
"1162","Public Rack - May St & 78th St",11
"1163","Public Rack - McCormick Blvd & Devon Ave",344
"1164","Public Rack - McVicker Ave & Grand Ave",41
"1165","Public Rack - Melvina Ave & Belmont Ave",88
"1166","Public Rack - Menard Ave & Adams Blvd",30
"1167","Public Rack - Menard Ave & Agusta Blvd",3
"1168","Public Rack - Menard Ave & Belmont Ave",34
"1169","Public Rack - Menard Ave & Dakin St - midblock",279
"1170","Public Rack - Menard Ave & Grand Ave",121
"1171","Public Rack - Menard Ave & Madison St",26
"1172","Public Rack - Michele Clark Magnet High School",122
"1173","Public Rack - Michigan Ave & 107th St",140
"1174","Public Rack - Michigan Ave & 113th St",20
"1175","Public Rack - Michigan Ave & 119th St",2
"1176","Public Rack - Michigan Ave & 96th St",13
"1177","Public Rack - Midway Orange Line",152
"1178","Public Rack - Milwaukee Ave & Addison St",381
"1179","Public Rack - Milwaukee Ave & Diversey Ave",1854
"1180","Public Rack - Milwaukee Ave & Haussen Ct",600
"1181","Public Rack - Milwaukee Ave & School St",758
"1182","Public Rack - Milwaukee Ave & Waveland Ave",19
"1183","Public Rack - Monticello Ave & Belmont Ave",615
"1184","Public Rack - Morgan St & 87th St",4
"1185","Public Rack - Morgan St & 95th St",7
"1186","Public Rack - Mozart Elementary School",686
"1187","Public Rack - Mt Greenwood Library N",6
"1188","Public Rack - N Narragansett Ave & Grand Ave",117
"1189","Public Rack - N Sayre Ave & W Belden Ave",8
"1190","Public Rack - Nagle Ave & Belmont Ave",100
"1191","Public Rack - Narragansett Ave & Fullerton Ave",181
"1192","Public Rack - Neva Ave & Grand Ave",21
"1193","Public Rack - Newcastle Ave & Belmont Ave",20
"1194","Public Rack - Newcastle Ave & Wellington Ave",1
"1195","Public Rack - Nordica Ave & Addison St",31
"1196","Public Rack - Normal Ave & 111th St",17
"1197","Public Rack - Normal Ave & 72nd St",7
"1198","Public Rack - Oakley Ave & 50th Pl",1
"1199","Public Rack - Oketo Ave & Belmont Ave",15
"1200","Public Rack - Oleander Ave & Addison St",1
"1201","Public Rack - Ozark Ave & Addison St",9
"1202","Public Rack - Parnell Ave & 103rd St",19
"1203","Public Rack - Paxton Ave & 79th St",142
"1204","Public Rack - Penn Elementary School / KIPP Ascend Middle School",53
"1205","Public Rack - Percy Julian HS",8
"1206","Public Rack - Perry Ave & 108th Pl",6
"1207","Public Rack - Perry Ave & 111th St",3
"1208","Public Rack - Peterson Ave & Bernard Ave",8
"1209","Public Rack - Peterson Ave & Drake Ave",3
"1210","Public Rack - Piotrowski Park",2
"1211","Public Rack - Prairie Ave & 47th St",128
"1212","Public Rack - Prairie Ave & Garfield Blvd",73
"1213","Public Rack - Prairie Ave & Garfield Blvd N",37
"1214","Public Rack - Pulaski & 52nd",19
"1215","Public Rack - Pulaski Rd & 15th St",30
"1216","Public Rack - Pulaski Rd & 40th St",3
"1217","Public Rack - Pulaski Rd & 44th St",124
"1218","Public Rack - Pulaski Rd & 51st Rd",8
"1219","Public Rack - Pulaski Rd & 5th Ave",21
"1220","Public Rack - Pulaski Rd & 65th St",234
"1221","Public Rack - Pulaski Rd & Armitage Ave",952
"1222","Public Rack - Pulaski Rd & Flournoy St",3
"1223","Public Rack - Pulaski Rd & Fullerton Ave",269
"1224","Public Rack - Pulaski Rd & Grenshaw St",9
"1225","Public Rack - Pulaski Rd & Lake St",210
"1226","Public Rack - Pulaski Rd & Polk St",2
"1227","Public Rack - Pulaski Rd & Roosevelt Rd",44
"1228","Public Rack - Pullman - Planet Fitness",21
"1229","Public Rack - Pullman - Walmart",46
"1230","Public Rack - Pullman Community Center",8
"1231","Public Rack - Racine Ave & 109th Pl",106
"1232","Public Rack - Racine Ave & 74th St",14
"1233","Public Rack - Racine Ave & 76th",15
"1234","Public Rack - Richmond St & Thorndale Ave",11
"1235","Public Rack - Robert Fulton Elementary School",45
"1236","Public Rack - Rockwell & 111th St",38
"1237","Public Rack - Rockwell & Division",1971
"1238","Public Rack - Rockwell Ave & Touhy Ave",169
"1239","Public Rack - Roscoe St & Osceola Ave",3
"1240","Public Rack - Roswell B. Mason Elementary School",37
"1241","Public Rack - Rutherford Ave & Belmont Ave",3
"1242","Public Rack - S Kostner Ave & W 18th Pl",7
"1243","Public Rack - Sacramento Ave & Devon Ave",165
"1244","Public Rack - Sacramento Ave & Greenleaf Ave",61
"1245","Public Rack - Sacramento Blvd & Division St",26
"1246","Public Rack - Saginaw Ave & 93rd St",41
"1247","Public Rack - Sawyer Ave & Bryn Mawr Ave - SE",15
"1248","Public Rack - Sawyer Ave & Bryn Mawr Ave - SW",29
"1249","Public Rack - Sawyer Ave & Chicago Ave",175
"1250","Public Rack - Sawyer Ave & Lawrence Ave",178
"1251","Public Rack - Senka ""Edward Duke"" Park",2
"1252","Public Rack - South Shore Dr & 71st St",102
"1253","Public Rack - Spaulding Ave & Bryn Mawr Ave",122
"1254","Public Rack - Spaulding Ave & Evergreen Ave",1666
"1255","Public Rack - Spaulding Ave & Foster Ave",118
"1256","Public Rack - Spaulding Ave & North Ave",1152
"1257","Public Rack - Spencer Elementary Technology Academy",63
"1258","Public Rack - Springfield Ave & 63rd St",6
"1259","Public Rack - St Louis Ave & Berteau Ave",96
"1260","Public Rack - St Louis Ave & Flournoy St",18
"1261","Public Rack - State ST & 42nd St",121
"1262","Public Rack - Stewart Ave & 123rd St",32
"1263","Public Rack - Stony Island & 87th St",65
"1264","Public Rack - Talman Ave & 51st St",11
"1265","Public Rack - Talman Ave & Pershing Rd",10
"1266","Public Rack - Throop St & 109th Pl",16
"1267","Public Rack - Tripp Ave & North Ave",153
"1268","Public Rack - Troy & 111th St",1
"1269","Public Rack - Union Ave & 111th St",14
"1270","Public Rack - Vincennes Ave & 77th St",76
"1271","Public Rack - Vincennes Ave & 95th St",40
"1272","Public Rack - Wabash Ave & 87th St",11
"1273","Public Rack - Walden Pkwy & 103rd St",85
"1274","Public Rack - Walden Pkwy & 99th St",7
"1275","Public Rack - Wallace St & 119th St",39
"1276","Public Rack - Waller Ave & Chicago Ave",14
"1277","Public Rack - Washington Park Ct & 51st St",9
"1278","Public Rack - Washtenaw Ave & Devon Ave",437
"1279","Public Rack - Washtenaw Ave & Superior St",434
"1280","Public Rack - Wentworth Ave & 103rd St",6
"1281","Public Rack - Wentworth Ave & 79th St",11
"1282","Public Rack - West Chatham Park",3
"1283","Public Rack - Western Ave & 100th St",42
"1284","Public Rack - Western Ave & 104th St - East",33
"1285","Public Rack - Western Ave & 104th St - West",3
"1286","Public Rack - Western Ave & 105th St",13
"1287","Public Rack - Western Ave & 106th St - East",10
"1288","Public Rack - Western Ave & 107th Pl",5
"1289","Public Rack - Western Ave & 107th St",3
"1290","Public Rack - Western Ave & 110th St",52
"1291","Public Rack - Western Ave & 111th St - NW",20
"1292","Public Rack - Western Ave & 111th St - SW",15
"1293","Public Rack - Western Ave & 116th St",3
"1294","Public Rack - Western Ave & 118th St",8
"1295","Public Rack - Western Ave & 47th Pl",72
"1296","Public Rack - Western Ave & 79th St",17
"1297","Public Rack - Western Ave & 92nd Pl",20
"1298","Public Rack - Western Ave & 96th St",93
"1299","Public Rack - Western Ave & 98th St",20
"1300","Public Rack - Western Ave & Devon Ave",650
"1301","Public Rack - Western Ave & Jarvis Ave",248
"1302","Public Rack - Western Blvd & 49th St",180
"1303","Public Rack - Whipple St & 26th St",26
"1304","Public Rack - Whipple St & 63rd St",24
"1305","Public Rack - Wood St & 103rd St",23
"1306","Public Rack - Wood St & 47th St",54
"1307","Public Rack - Woodlawn Ave & 63rd St - NE",1459
"1308","Public Rack - Woodlawn Ave & 63rd St - SE",122
"1309","Public Rack - Woodlawn Ave & 63rd St N",488
"1310","Public Rack - Woodlawn Ave & 63rd St S",76
"1311","Public Rack - Yates Ave & 100th St",1
"1312","Public Rack - Zapata Academy",8
"1313","Pulaski & 52nd",37
"1314","Pulaski & Ann Lurie Pl",228
"1315","Pulaski Rd & 21st St",708
"1316","Pulaski Rd & 40th St",59
"1317","Pulaski Rd & 41st",21
"1318","Pulaski Rd & 44th St",177
"1319","Pulaski Rd & 51st Rd",61
"1320","Pulaski Rd & 51st St",1292
"1321","Pulaski Rd & 60th St",326
"1322","Pulaski Rd & Armitage Ave",649
"1323","Pulaski Rd & Congress Pkwy",173
"1324","Pulaski Rd & Eddy St",749
"1325","Pulaski Rd & Fullerton Ave",194
"1326","Pulaski Rd & Lake St",178
"1327","Pullman - Planet Fitness",9
"1328","Pullman - Ross Dress for Less",18
"1329","Pullman - Walmart",103
"1330","Pullman Community Center",10
"1331","Racine Ave & 109th Pl",155
"1332","Racine Ave & 13th St",938
"1333","Racine Ave & 15th St",3116
"1334","Racine Ave & 18th St",6716
"1335","Racine Ave & 35th St",1112
"1336","Racine Ave & 61st St",57
"1337","Racine Ave & 65th St",67
"1338","Racine Ave & 74th St",22
"1339","Racine Ave & 76th",83
"1340","Racine Ave & 83rd St",1
"1341","Racine Ave & Belmont Ave",13567
"1342","Racine Ave & Congress Pkwy",7392
"1343","Racine Ave & Fullerton Ave",16014
"1344","Racine Ave & Garfield Blvd",216
"1345","Racine Ave & Randolph St",5510
"1346","Racine Ave & Washington Blvd",5534
"1347","Racine Ave & Wrightwood Ave",7677
"1348","Rainbow Beach",225
"1349","Ravenswood Ave & Berteau Ave",3900
"1350","Ravenswood Ave & Irving Park Rd",5230
"1351","Ravenswood Ave & Lawrence Ave",14408
"1352","Rhodes Ave & 32nd St",4706
"1353","Rhodes Ave & 71st St",67
"1354","Rhodes Ave & 79th St",19
"1355","Richmond St & 59th St",225
"1356","Richmond St & Diversey Ave",2969
"1357","Richmond St & Lincoln Ave",467
"1358","Ridge Blvd & Howard St",822
"1359","Ridge Blvd & Touhy Ave",694
"1360","Ritchie Ct & Banks St",11905
"1361","Robert Fulton Elementary School",151
"1362","Rockwell & 111th St",40
"1363","Rockwell Ave & Touhy Ave",37
"1364","Rockwell St & 57th St",301
"1365","Rockwell St & 63rd St",172
"1366","Rockwell St & Archer Ave",1226
"1367","Rockwell St & Cermak Rd",1513
"1368","Rockwell St & Eastwood Ave",3400
"1369","Rockwell St & Fletcher St",4034
"1370","Roscoe & Harlem",135
"1371","Rush St & Cedar St",16154
"1372","Rush St & Hubbard St",9473
"1373","Rush St & Superior St",15022
"1374","Rutherford Ave & Belmont Ave",30
"1375","S Aberdeen St & W 106th St",349
"1376","S Michigan Ave & E 118th St",58
"1377","S Wentworth Ave & W 111th St",73
"1378","Sacramento Ave & 25th St",847
"1379","Sacramento Ave & Devon Ave",228
"1380","Sacramento Ave & Greenleaf Ave",19
"1381","Sacramento Ave & Pershing Rd",570
"1382","Sacramento Blvd & Addison St",1627
"1383","Sacramento Blvd & Division St",18
"1384","Sacramento Blvd & Franklin Blvd",367
"1385","Sacramento Blvd & Fulton Ave",353
"1386","Sacramento Blvd & Polk St",184
"1387","Sacramento Blvd & Washington Blvd",15
"1388","Sangamon St & 79th St",47
"1389","Sangamon St & Lake St",7805
"1390","Sangamon St & Washington Blvd",8752
"1391","Sawyer Ave & 111th St",18
"1392","Sawyer Ave & Bryn Mawr Ave - SE",14
"1393","Sawyer Ave & Irving Park Rd",1014
"1394","Sawyer Ave & Lawrence Ave",36
"1395","Sayre & Diversey",630
"1396","Sedgwick St & Huron St",12410
"1397","Sedgwick St & North Ave",15026
"1398","Sedgwick St & Schiller St",4317
"1399","Sedgwick St & Webster Ave",13585
"1400","Seeley Ave & Garfield Blvd",140
"1401","Seeley Ave & Roscoe St",5980
"1402","Senka ""Edward Duke"" Park",4
"1403","Shabbona Park",335
"1404","Shedd Aquarium",24102
"1405","Sheffield Ave & Fullerton Ave",22626
"1406","Sheffield Ave & Kingsbury St",12797
"1407","Sheffield Ave & Waveland Ave",19672
"1408","Sheffield Ave & Webster Ave",16739
"1409","Sheffield Ave & Wellington Ave",17254
"1410","Sheffield Ave & Willow St",10794
"1411","Sheffield Ave & Wrightwood Ave",16667
"1412","Sheridan Rd & Argyle St",3097
"1413","Sheridan Rd & Buena Ave",9032
"1414","Sheridan Rd & Columbia Ave",3193
"1415","Sheridan Rd & Greenleaf Ave",2004
"1416","Sheridan Rd & Irving Park Rd",17241
"1417","Sheridan Rd & Lawrence Ave",6366
"1418","Sheridan Rd & Loyola Ave",4254
"1419","Sheridan Rd & Montrose Ave",13659
"1420","Sheridan Rd & Noyes St (NU)",5163
"1421","Shields Ave & 28th Pl",2675
"1422","Shields Ave & 31st St",3992
"1423","Shields Ave & 43rd St",208
"1424","Shore Dr & 55th St",11130
"1425","Smith Park",2024
"1426","South Chicago Ave & 83rd St",82
"1427","South Chicago Ave & Elliot Ave",29
"1428","South Shore Dr & 67th St",1127
"1429","South Shore Dr & 71st St",1462
"1430","South Shore Dr & 74th St",493
"1431","South Shore High School",129
"1432","Southport Ave & Belmont Ave",11840
"1433","Southport Ave & Clark St",3198
"1434","Southport Ave & Clybourn Ave",9951
"1435","Southport Ave & Irving Park Rd",7849
"1436","Southport Ave & Roscoe St",19454
"1437","Southport Ave & Waveland Ave",17864
"1438","Southport Ave & Wellington Ave",12405
"1439","Southport Ave & Wrightwood Ave",11317
"1440","Spaulding Ave & 16th St",374
"1441","Spaulding Ave & 63rd St",400
"1442","Spaulding Ave & Armitage Ave",4989
"1443","Spaulding Ave & Bryn Mawr Ave",22
"1444","Spaulding Ave & Division St",2666
"1445","Spaulding Ave & Evergreen Ave",1349
"1446","Spaulding Ave & Foster Ave",11
"1447","Spaulding Ave & North Ave",1640
"1448","Springfield Ave & 47th St",266
"1449","Springfield Ave & 63rd St",52
"1450","St Louis Ave & 59th St",434
"1451","St Louis Ave & Berteau Ave",36
"1452","St Louis Ave & Norman Bobbins Ave",283
"1453","St. Clair St & Erie St",23743
"1454","St. Louis Ave & Balmoral Ave",915
"1455","St. Louis Ave & Fullerton Ave",3372
"1456","State St & 123rd St",78
"1457","State St & 19th St",2632
"1458","State St & 29th St",1138
"1459","State St & 33rd St",13128
"1460","State St & 35th St",4622
"1461","State St & 47th st",130
"1462","State St & 54th St",220
"1463","State St & 76th St",83
"1464","State St & 79th St",583
"1465","State St & 95th St",709
"1466","State St & Chicago Ave",19135
"1467","State St & Harrison St",7277
"1468","State St & Kinzie St",14751
"1469","State St & Pearson St",7711
"1470","State St & Pershing Rd",227
"1471","State St & Randolph St",17706
"1472","State St & Van Buren St",8833
"1473","Stave St & Armitage Ave",4356
"1474","Steelworkers Park",71
"1475","Stetson Ave & South Water St",11588
"1476","Stewart Ave & 123rd St",32
"1477","Stewart Ave & 63rd St",170
"1478","Stewart Ave & 83rd St",170
"1479","Stockton Dr & Wrightwood Ave",15236
"1480","Stony Is Ave & 73rd St",141
"1481","Stony Island & 95th St",18
"1482","Stony Island Ave & 64th St",489
"1483","Stony Island Ave & 67th St",470
"1484","Stony Island Ave & 71st St",403
"1485","Stony Island Ave & 75th St",383
"1486","Stony Island Ave & 82nd St",191
"1487","Stony Island Ave & 86th St",81
"1488","Stony Island Ave & 90th St",148
"1489","Stony Island Ave & South Chicago Ave",118
"1490","Streeter Dr & Grand Ave",71699
"1491","Strohacker Park",25
"1492","Summit Ave & 86th St",153
"1493","Talman Ave & 51st St - midblock",145
"1494","Talman Ave & Addison St",3422
"1495","Theater on the Lake",31588
"1496","Throop St & 52nd St",115
"1497","Throop St & 58th St",62
"1498","Throop St & Taylor St",7482
"1499","Torrence Ave  & 106th St",10
"1500","Torrence Ave & 103rd St",4
"1501","Torrence Ave & 106th St",130
"1502","Torrence Ave & 126th Pl",84
"1503","Tripp Ave & 15th St",147
"1504","Tripp Ave & 31st St",132
"1505","Tripp Ave & 65th St",271
"1506","Troy & 111th St",1
"1507","Troy Ave & 27th St",125
"1508","Troy St & Elston Ave",2181
"1509","Troy St & Grace St",4089
"1510","Troy St & Jackson Blvd",599
"1511","Troy St & North Ave",3301
"1512","Trumbull Ave & 111th St",9
"1513","Tuley (Murray) Park",61
"1514","Union Ave & Root St",377
"1515","University Ave & 57th St",22979
"1516","University Library (NU)",2803
"1517","Valli Produce - Evanston Plaza",762
"1518","Vernon Ave & 107th St",121
"1519","Vernon Ave & 75th St",187
"1520","Vernon Ave & 79th St",209
"1521","Vincennes Ave & 104th St",138
"1522","Vincennes Ave & 75th St",85
"1523","Vincennes Ave & 87th St",3
"1524","Vincennes Ave & 95th Pl",2
"1525","Vincennes Ave & 99th St",37
"1526","Virginia Ave & Catalpa Ave",1024
"1527","W 103rd St & S Avers Ave",222
"1528","W Armitage Ave & N Sheffield Ave",9667
"1529","W Oakdale Ave & N Broadway",11389
"1530","W Washington Blvd & N Peoria St",10184
"1531","Wabash Ave & 16th St",8003
"1532","Wabash Ave & 83rd St",71
"1533","Wabash Ave & 87th St",517
"1534","Wabash Ave & 9th St",14129
"1535","Wabash Ave & Adams St",9338
"1536","Wabash Ave & Cermak Rd",3381
"1537","Wabash Ave & Grand Ave",26155
"1538","Wabash Ave & Roosevelt Rd",20257
"1539","Wabash Ave & Wacker Pl",12023
"1540","Wacker Dr & Washington St",8814
"1541","Walden Pkwy & 100th St",320
"1542","Walden Pkwy & 103rd St",184
"1543","Walden Pkwy & 99th St",33
"1544","Wallace St & 112 St",24
"1545","Wallace St & 35th St",1802
"1546","Waller Ave & Chicago Ave",35
"1547","Walsh Park",7933
"1548","Warren Park East",1047
"1549","Warren Park West",1130
"1550","Washtenaw Ave & 63rd St",18
"1551","Washtenaw Ave & Lawrence Ave",2944
"1552","Washtenaw Ave & Madison St",565
"1553","Washtenaw Ave & Ogden Ave",950
"1554","Washtenaw Ave & Peterson Ave",593
"1555","Washtenaw Ave & Polk St",2011
"1556","Washtenaw Ave & Superior St",6205
"1557","Wells St & 19th St",2235
"1558","Wells St & Concord Ln",35531
"1559","Wells St & Elm St",29746
"1560","Wells St & Evergreen Ave",19757
"1561","Wells St & Hubbard St",23124
"1562","Wells St & Huron St",24515
"1563","Wells St & Institute Pl",347
"1564","Wells St & Polk St",10197
"1565","Wells St & Walton St",10152
"1566","Wentworth Ave & 103rd St",18
"1567","Wentworth Ave & 104th St",45
"1568","Wentworth Ave & 24th St",2048
"1569","Wentworth Ave & 33rd St",2965
"1570","Wentworth Ave & 35th St",1943
"1571","Wentworth Ave & 63rd St",521
"1572","Wentworth Ave & 79th St",24
"1573","Wentworth Ave & Cermak Rd",9531
"1574","West Chatham Park",44
"1575","West Lawn Park",6
"1576","Western & 28th - Velasquez Institute Vaccination Site",218
"1577","Western Ave & 100th St",110
"1578","Western Ave & 104th St",268
"1579","Western Ave & 104th St - East",13
"1580","Western Ave & 105th St",23
"1581","Western Ave & 106th St - East",48
"1582","Western Ave & 106th St - West",9
"1583","Western Ave & 111th St",321
"1584","Western Ave & 111th St - NW",53
"1585","Western Ave & 111th St - SE",18
"1586","Western Ave & 111th St - SW",11
"1587","Western Ave & 116th St",7
"1588","Western Ave & 118th St",37
"1589","Western Ave & 21st St",1393
"1590","Western Ave & 24th St",933
"1591","Western Ave & 28th St",27
"1592","Western Ave & 62nd St",91
"1593","Western Ave & 79th St",243
"1594","Western Ave & 92nd Pl",50
"1595","Western Ave & Ardmore Ave",674
"1596","Western Ave & Berteau Ave",2272
"1597","Western Ave & Congress Pkwy",3873
"1598","Western Ave & Division St",5282
"1599","Western Ave & Fillmore St",5531
"1600","Western Ave & Grace St",2915
"1601","Western Ave & Granville Ave",1292
"1602","Western Ave & Gunnison St",3596
"1603","Western Ave & Howard St",1100
"1604","Western Ave & Jarvis Ave",126
"1605","Western Ave & Lake St",415
"1606","Western Ave & Leland Ave",7601
"1607","Western Ave & Lunt Ave",1420
"1608","Western Ave & Monroe St",2256
"1609","Western Ave & Roscoe St",3583
"1610","Western Ave & Walton St",7302
"1611","Western Ave & Winnebago Ave",9948
"1612","Western Blvd & 48th Pl",419
"1613","Western Blvd & 49th St",371
"1614","Western Blvd & 53rd St",2
"1615","Whippie St & 26th St",1
"1616","Whipple St & Roosevelt Rd",188
"1617","Whipple/Irving Park",966
"1618","William Rainey Harper High School",22
"1619","Wilton Ave & Belmont Ave",25995
"1620","Wilton Ave & Diversey Pkwy",19604
"1621","Winchester (Ravenswood) Ave & Balmoral Ave",2138
"1622","Winchester Ave & 87th St",18
"1623","Winchester Ave & Elston Ave",3544
"1624","Winthrop Ave & Lawrence Ave",6122
"1625","Wolcott (Ravenswood) Ave & Montrose Ave",5167
"1626","Wolcott Ave & 61st St",154
"1627","Wolcott Ave & Fargo Ave",485
"1628","Wolcott Ave & Polk St",10437
"1629","Wood St & 103rd St",30
"1630","Wood St & 35th St",890
"1631","Wood St & 47th St",169
"1632","Wood St & Augusta Blvd",5559
"1633","Wood St & Chicago Ave",6970
"1634","Wood St & Hubbard St",4382
"1635","Wood St & Milwaukee Ave",13669
"1636","Wood St & Taylor St",5932
"1637","Wood St & Webster Ave",1070
"1638","Woodlawn & 103rd - Olive Harvey Vaccination Site",112
"1639","Woodlawn Ave & 55th St",8381
"1640","Woodlawn Ave & 75th St",75
"1641","Woodlawn Ave & Lake Park Ave",1366
"1642","Yale Ave & 119th St",4
"1643","Yates Blvd & 75th St",287
"1644","Yates Blvd & 93rd St",79
"1645","Yates Blvd & Exchange Ave",1068
"1646","Zapata Academy",19
