start_station_name,total_station
10101 S Stony Island Ave,7
111th St - Morgan Park Metra,47
2112 W Peterson Ave,860
532 E 43rd St,148
63rd & Western Ave - north corner,24
63rd & Western Ave - south corner,27
63rd St Beach,820
83rd St (Avalon Park) Metra,170
900 W Harrison St,11491
Abbott Park,14
Aberdeen St & Jackson Blvd,11607
Aberdeen St & Monroe St,9516
Aberdeen St & Randolph St,10220
Ada St & 113th St,68
Ada St & 117th St,47
Ada St & 119th St,78
Ada St & 79th St,62
Ada St & 95th St,145
Ada St & Washington Blvd,7829
Adler Planetarium,15442
Al Raby School,228
Albany Ave & 103rd St,4
Albany Ave & 111th St - NW,5
Albany Ave & 16th St,382
Albany Ave & 26th St,342
Albany Ave & 63rd St,59
Albany Ave & Belmont Ave,2138
Albany Ave & Bloomingdale Ave,4897
Albany Ave & Douglas Blvd,165
Albany Ave & Montrose Ave,1973
Altgeld Gardens,69
Archer (Damen) Ave & 37th St,529
Archer Ave & 43rd St,451
Archer Park,65
Artesian Ave & 55th St,354
Artesian Ave & Hubbard St,3729
Ashland Ave & 13th St,3231
Ashland Ave & 45th St,49
Ashland Ave & 45th St - midblock south,33
Ashland Ave & 46th St,17
Ashland Ave & 50th St,159
Ashland Ave & 63rd St,192
Ashland Ave & 66th St,56
Ashland Ave & 71st St,42
Ashland Ave & 73rd St,7
Ashland Ave & 74th St,102
Ashland Ave & 76th St,55
Ashland Ave & 78th St,96
Ashland Ave & Archer Ave,1180
Ashland Ave & Augusta Blvd,7016
Ashland Ave & Belle Plaine Ave,3127
Ashland Ave & Blackhawk St,9274
Ashland Ave & Chicago Ave,5943
Ashland Ave & Division St,22277
Ashland Ave & Garfield Blvd,136
Ashland Ave & Grace St,6955
Ashland Ave & Grand Ave,5946
Ashland Ave & Lake St,5237
Ashland Ave & McDowell Ave,420
Ashland Ave & Pershing Rd,256
Ashland Ave & Wellington Ave,6641
Ashland Ave & Wrightwood Ave,6045
Augusta Blvd & Laramie Ave,299
Austin Ave & Roscoe St,222
Austin Ave & Wellington Ave - midblock,14
Austin Ave & Wrightwood Ave,28
Austin Blvd & Chicago Ave,276
Austin Blvd & Lake St,456
Austin Blvd & Madison St,329
Austin Blvd & North Ave,29
Austin Branch Chicago Public Library,36
Avenue J & 102nd St,24
Avenue J & 106th St,12
Avenue J & 112th St,14
Avenue L & 114th St,109
Avenue M & 132nd St,3
Avenue O & 118th St,132
Avenue O & 134th St,95
Avers Ave & Archer Ave,31
Avers Ave & Belmont Ave,2299
Avers Ave & Irving Park Rd,614
Avers Ave & Ogden Ave,1
Avondale Ave & Addison St,48
Avondale Ave & Irving Park Rd,1949
Back of the Yards Park,5
Baltimore Ave & 132nd St,25
Baltimore Ave & 133rd St,20
Baltimore Ave & 87th St,154
Bell Ave & 95th St,142
Bennett Ave & 79th St,91
Bennett Ave & 96th St,61
Bensley Ave & 103rd St,14
Benson Ave & Church St,4675
Bernard St & Elston Ave,1954
Big Marsh Park,228
Bishop St & 46th St,25
Bissell St & Armitage Ave,18118
Blackstone Ave & Hyde Park Blvd,4260
Bloomingdale Ave & Harlem Ave,211
Blue Island Ave & 18th St,5690
Bosworth Ave & Howard St,889
Bradley Park,55
Brandon Ave & 91st St,69
Brighton Park Branch Chicago Library,21
Broadway & Argyle St,8121
Broadway & Barry Ave,28042
Broadway & Belmont Ave,15780
Broadway & Berwyn Ave,7478
Broadway & Cornelia Ave,20313
Broadway & Granville Ave,6530
Broadway & Ridge Ave,6667
Broadway & Sheridan Rd,14508
Broadway & Thorndale Ave,6718
Broadway & Waveland Ave,20651
Broadway & Wilson - Truman College Vaccination Site,8370
Broadway & Wilson Ave,1968
Buckingham Fountain,9185
Budlong Woods Library,1025
Buffalo Ave & 133rd St,19
Buffalo Ave & 89th St,24
Burling St & Diversey Pkwy,14064
Burnham Greenway & 105th St,222
Burnham Greenway & 112th St,514
Burnham Harbor,10090
California & 16th St,297
California Ave & 21st St,1186
California Ave & 23rd Pl,766
California Ave & 26th St,405
California Ave & 29th St,171
California Ave & 36th St,168
California Ave & Altgeld St,3576
California Ave & Byron St,2477
California Ave & Cortez St,8111
California Ave & Devon Ave - NE,44
California Ave & Devon Ave - NW,20
California Ave & Division St,4355
California Ave & Fletcher St,3295
California Ave & Francis Pl,4707
California Ave & Lake St,1059
California Ave & Marquette Rd,263
California Ave & Milwaukee Ave,12374
California Ave & Montrose Ave,3328
California Ave & North Ave,5048
California Ave & Ogden Ave,3
California Ave & Pershing Rd,24
California Ave & Touhy Ave - NW,204
California Ave & Touhy Ave - SW,1
California Ave & Winona St,1317
Calumet Ave & 103rd St,46
Calumet Ave & 18th St,8350
Calumet Ave & 21st St,4041
Calumet Ave & 33rd St,7367
Calumet Ave & 35th St,2323
Calumet Ave & 51st St,1221
Calumet Ave & 71st St,77
Calumet Ave & Garfield Blvd,123
Calumet Park,289
Campbell Ave & 51st St,396
Campbell Ave & Fullerton Ave,3294
Campbell Ave & Irving Park Rd,1143
Campbell Ave & Montrose Ave,3178
Campbell Ave & North Ave,6179
Canal St & Adams St,21422
Canal St & Harrison St,3137
Canal St & Jackson Blvd,10603
Canal St & Madison St,13984
Canal St & Monroe St,11973
Canal St & Taylor St,6566
Cannon Dr & Fullerton Ave,6204
Canty Elementary School,9
Carpenter St & 63rd St,45
Carpenter St & Huron St,10461
Central Ave & Chicago Ave,455
Central Ave & Congress Pkwy,111
Central Ave & Corcoran Pl,335
Central Ave & George St,135
Central Ave & Harrison St,126
Central Ave & Lake St,247
Central Ave & Madison St,212
Central Ave & North Ave,18
Central Ave & Parker Ave,1533
Central Ave & Roscoe St,945
Central Park & Augusta Blvd,372
Central Park Ave & 24th St,344
Central Park Ave & Bloomingdale Ave,3126
Central Park Ave & Douglas Blvd,180
Central Park Ave & Elbridge Ave,3003
Central Park Ave & Fillmore St,13
Central Park Ave & North Ave,1349
Central Park Ave & Ogden Ave,1193
Central Park Ave & Ohio St,619
Central Park Blvd & 5th Ave,192
Central St & Girard Ave,1031
Central St Metra,1024
Champlain Ave & 134th St,26
Chappel Ave & 71st St,34
Chase Ave & Touhy Ave - NE,165
Chase Ave & Touhy Ave - NW,47
Cherry Ave & Blackhawk St,2083
Chicago Ave & Sheridan Rd,4304
Chicago Ave & Washington St,2980
Chicago State University,400
Chopin Park,7
Christiana Ave & 55th St,28
Christiana Ave & Archer Ave,294
Christiana Ave & Belmont Ave,162
Christiana Ave & Bryn Mawr Ave,2
Christiana Ave & Lawrence Ave,2079
Cicero Ave & Altgeld St,28
Cicero Ave & Cortland St - midblock,24
Cicero Ave & Flournoy St,91
Cicero Ave & Grace St,1193
Cicero Ave & Lake St,264
Cicero Ave & Le Moyne St - midblock,13
Cicero Ave & North Ave,53
Cicero Ave & Quincy St,122
Cicero Ave & Roscoe St,22
Cicero Ave & Wellington Ave,194
Cicero Ave & Wrightwood Ave,866
City Rack - Albany Ave & 103rd St,3
Cityfront Plaza Dr & Pioneer Ct,12029
Claremont Ave & 71st St,72
Claremont Ave & Hirsch St,2931
Clarendon Ave & Gordon Ter,12793
Clarendon Ave & Junior Ter,11192
Clarendon Ave & Leland Ave,6955
Clark St & 9th St (AMLI),5678
Clark St & Armitage Ave,27704
Clark St & Berwyn Ave,10120
Clark St & Bryn Mawr Ave,7563
Clark St & Chicago Ave,11527
Clark St & Columbia Ave,2209
Clark St & Drummond Pl,21731
Clark St & Elm St,33274
Clark St & Elmdale Ave,3305
Clark St & Grace St,12876
Clark St & Ida B Wells Dr,6183
Clark St & Jarvis Ave,1162
Clark St & Lake St,14703
Clark St & Leland Ave,8890
Clark St & Lincoln Ave,25972
Clark St & Lunt Ave,2923
Clark St & Montrose Ave,6332
Clark St & Newport St,22327
Clark St & North Ave,12161
Clark St & Randolph St,14285
Clark St & Schiller St,18859
Clark St & Schreiber Ave,3034
Clark St & Touhy Ave,1000
Clark St & Wellington Ave,16502
Clark St & Winnemac Ave,13853
Clark St & Wrightwood Ave,24709
Clifton Ave & Armitage Ave,9949
Clinton St & 18th St,3081
Clinton St & Jackson Blvd,17831
Clinton St & Lake St,17256
Clinton St & Madison St,25144
Clinton St & Polk St,1098
Clinton St & Roosevelt Rd,8100
Clinton St & Tilden St,4094
Clinton St & Washington Blvd,24598
Clybourn Ave & Division St,7084
Clyde Ave & 87th St,108
Colfax Ave & 83rd St,122
Columbus Dr & Randolph St,17409
Commercial Ave & 100th St,60
Commercial Ave & 130th St,189
Commercial Ave & 83rd St,191
Commercial Ave & 89th St,22
Conservatory Dr & Lake St,874
Constance Ave & 95th St,112
Corliss Ave & 103rd St,3
Corliss Ave & 133rd St,13
Cornell Ave & Hyde Park Blvd,7903
Cornell Dr & Hayes Dr,135
Cottage Grove & 84th St,13
Cottage Grove & 85th St,17
Cottage Grove & 86th St,39
Cottage Grove Ave & 111th Pl,206
Cottage Grove Ave & 111th St,294
Cottage Grove Ave & 43rd St,1252
Cottage Grove Ave & 47th St,1526
Cottage Grove Ave & 51st St,1527
Cottage Grove Ave & 63rd St,1243
Cottage Grove Ave & 67th St,389
Cottage Grove Ave & 71st St,270
Cottage Grove Ave & 75th St,99
Cottage Grove Ave & 78th St,171
Cottage Grove Ave & 83rd St,324
Cottage Grove Ave & 87th St,91
Cottage Grove Ave & 89th Pl,32
Cottage Grove Ave & 91st St,73
Cottage Grove Ave & 92nd St,8
Cottage Grove Ave & 98th St,153
Cottage Grove Ave & Oakwood Blvd,1040
Daley Center Plaza,14860
Damen Ave & 33rd St,187
Damen Ave & 47th St,148
Damen Ave & 51st St,135
Damen Ave & 59th St,203
Damen Ave & 74th St,37
Damen Ave & 80th St,40
Damen Ave & 84th St,2
Damen Ave & Charleston St,5724
Damen Ave & Chicago Ave,10652
Damen Ave & Clybourn Ave,4356
Damen Ave & Cortland St,11439
Damen Ave & Coulter St,723
Damen Ave & Cullerton St,2840
Damen Ave & Division St,9147
Damen Ave & Foster Ave,4268
Damen Ave & Grand Ave,5494
Damen Ave & Leland Ave,5192
Damen Ave & Madison St,2982
Damen Ave & Melrose Ave,3714
Damen Ave & Pershing Rd,428
Damen Ave & Pierce Ave,20590
Damen Ave & Sunnyside Ave,3621
Damen Ave & Thomas St (Augusta Blvd),7924
Damen Ave & Wabansia Ave,8453
Damen Ave & Walnut (Lake) St,3017
Damen Ave & Wellington Ave,4852
Dauphin Ave & 103rd St,132
Dauphin Ave & 87th St,188
Dayton St & North Ave,11008
Dearborn Pkwy & Delaware Pl,20409
Dearborn St & Adams St,8612
Dearborn St & Erie St,24658
Dearborn St & Monroe St,16709
Dearborn St & Van Buren St,6756
Delano Ct & Roosevelt Rd,6822
Desplaines St & Jackson Blvd,11070
Desplaines St & Kinzie St,19558
Desplaines St & Randolph St,10777
Divvy Valet - Oakwood Beach,11
Dodge Ave & Church St,948
Dodge Ave & Main St,494
Dodge Ave & Mulford St,392
Dorchester Ave & 49th St,1197
Dorchester Ave & 63rd St,798
Doty Ave & 111th St,143
Drake Ave & Addison St,1590
Drake Ave & Montrose Ave,1463
Drexel Ave & 87th St,8
DuSable Lake Shore Dr & Belmont Ave,19282
DuSable Lake Shore Dr & Diversey Pkwy,21217
DuSable Lake Shore Dr & Monroe St,39390
DuSable Lake Shore Dr & North Blvd,38116
DuSable Lake Shore Dr & Wellington Ave,18588
DuSable Museum,1032
Dusable Harbor,18363
East End Ave & 75th St,51
East End Ave & 87th St,183
Eastlake Ter & Howard St,228
Eastlake Ter & Rogers Ave,1758
Eberhart Ave & 131st St,65
Eberhart Ave & 61st St,419
Eberhart Ave & 91st St,128
Eckhart Park,8651
Eggleston Ave & 114th St,4
Eggleston Ave & 69th St,164
Eggleston Ave & 92nd St,127
Eli Whitney Public School,17
Elizabeth (May) St & Fulton St,4599
Elizabeth St & 47th St,129
Elizabeth St & 59th St,55
Elizabeth St & 92nd St,201
Elizabeth St & Fulton St,1359
Ellis Ave & 132nd Pl,26
Ellis Ave & 53rd St,5353
Ellis Ave & 55th St,17257
Ellis Ave & 58th St,8965
Ellis Ave & 60th St,21953
Ellis Ave & 83rd St,176
Elmwood Ave & Austin St,1005
Elston Ave & Cortland St,8326
Elston Ave & George St,4737
Elston Ave & Henderson St,2868
Elston Ave & Wabansia Ave,3211
Emerald Ave & 28th St,2690
Emerald Ave & 31st St,6236
Emerald Ave & 43rd St,110
Emerald Ave & 45th St,170
Evans Ave & 63rd St,378
Evans Ave & 75th St,234
Evanston Civic Center,1224
Ewing Ave & 101st St,16
Ewing Ave & 105th St,29
Ewing Ave & 106th St,35
Ewing Ave & 112th St,6
Ewing Ave & 96th St,24
Ewing Ave & 99th St,9
Ewing Ave & Burnham Greenway,167
Ewing Ave & Indianapolis Ave,15
Exchange Ave & 79th St,248
Fairbanks Ct & Grand Ave,18379
Fairbanks St & Superior St,7748
Fairfield Ave & 44th St,422
Fairfield Ave & Roosevelt Rd,561
Federal St & Polk St,16992
Field Blvd & South Water St,11444
Field Museum,8600
Financial Pl & Ida B Wells Dr,8492
Forrestville Ave & 47th St,420
Fort Dearborn Dr & 31st St,8241
Francisco Ave & 47th St,357
Francisco Ave & Bloomingdale Ave,4160
Francisco Ave & Foster Ave,2325
Francisco Ave & Hollywood Ave,606
Francisco Ave & Montrose Ave,3322
Franklin St & Adams St,9207
Franklin St & Chicago Ave,15681
Franklin St & Illinois St,13592
Franklin St & Jackson Blvd,15976
Franklin St & Lake St,14572
Franklin St & Monroe St,14010
Fullerton & Monitor,1191
Glenwood Ave & Morse Ave,3983
Glenwood Ave & Touhy Ave,2045
Grand Ave & North Ave,28
Green St & 103rd St,54
Green St & Madison Ave,464
Green St & Madison St,21036
Green St & Randolph St,14564
Green St & Washington Blvd,3534
Greenview Ave & Diversey Pkwy,6702
Greenview Ave & Fullerton Ave,12027
Greenview Ave & Jarvis Ave,3234
Greenwood Ave & 47th St,2086
Greenwood Ave & 79th St,104
Greenwood Ave & 87th St,1
Greenwood Ave & 91st St,97
Greenwood Ave & 97th St,148
Greenwood Ave & Lake Park Ave,694
Hale Ave & 107th St,212
Hale Ave & 111th St,2
Halsted & 63rd - Kennedy-King Vaccination Site,289
Halsted St & 102nd St,34
Halsted St & 104th St,153
Halsted St & 111th St,259
Halsted St & 18th St,3653
Halsted St & 21st St,1901
Halsted St & 35th St,2502
Halsted St & 37th St,479
Halsted St & 41st St,11
Halsted St & 47th Pl,477
Halsted St & 51st St,328
Halsted St & 56th St,119
Halsted St & 59th St,70
Halsted St & 63rd St,179
Halsted St & 64th St,18
Halsted St & 69th St,91
Halsted St & 73rd St,172
Halsted St & 76th St,29
Halsted St & 78th St,193
Halsted St & 80th St,42
Halsted St & 94th St,9
Halsted St & 95th St - SE,8
Halsted St & 95th St - SW,27
Halsted St & 96th St,300
Halsted St & Archer Ave,2450
Halsted St & Clybourn Ave,19866
Halsted St & Dickens Ave,15863
Halsted St & Maxwell St,10129
Halsted St & North Branch St,1967
Halsted St & Polk St,14969
Halsted St & Roosevelt Rd,7628
Halsted St & Roscoe St,20499
Halsted St & Willow St,11316
Halsted St & Wrightwood Ave,19585
Hamilton Ave & 95th St,36
Hamilton Park,22
Hamlin Ave & 62nd Pl,425
Hamlin Ave & Chicago Ave,24
Hamlin Ave & Fullerton Ave,385
Hamlin Ave & Grand Ave,27
Hamlin Ave & Montrose Ave,567
Hampden Ct & Diversey Ave,13529
Harding Ave & 26th St,479
Harding Ave & 47th St,17
Harlem & Irving Park,934
Harlem Ave & Grace St,144
Harold Washington Park,174
Harper Ave & 59th St,5071
Harper Ave & 63rd St,261
Harriet E Sayre Public School,26
Harvard Ave & 103rd St,23
Harvard Ave & 119th St,9
Harvey Ave & North Ave,122
Hegewisch Metra Station,115
Hermitage Ave & Polk St,5226
Hiawatha Park,437
Homan Ave & 111th St,10
Homan Ave & 26th St,160
Homan Ave & 65th St,249
Homan Ave & Fillmore St,641
Homewood Ave & 115th St,170
Homewood Ave & Monterey Ave,51
Honore St & 87th St - SE,13
Honore St & Division St,11126
Houston Ave & 91st St,68
Houston Ave & 92nd St,178
Hoyne Ave & 110th Pl,22
Hoyne Ave & 34th St,446
Hoyne Ave & 47th St,318
Hoyne Ave & Balmoral Ave,2252
Humboldt Blvd & Armitage Ave,5238
Hyde Park Blvd & 53rd St,1215
Hyde Park Blvd & 55th St,8615
Indiana Ave & 103rd St,182
Indiana Ave & 133rd St,15
Indiana Ave & 26th St,2454
Indiana Ave & 31st St,3668
Indiana Ave & 40th St,387
Indiana Ave & Roosevelt Rd,25688
Ingleside Ave & 79th St,214
Jefferson St & Monroe St,7987
Jeffery Blvd & 67th St,751
Jeffery Blvd & 71st St,481
Jeffery Blvd & 76th St,174
Jeffery Blvd & 83rd St,28
Jeffrey Blvd & 71st St,124
Jonathan Y Scammon Public School,154
Justine St & 87th St,21
Karlov Ave & Kamerling Ave,75
Karlov Ave & Madison St,131
Karlov Ave & Milwaukee Ave,24
Kedvale Ave & 63rd St,26
Kedvale Ave & Addison St,33
Kedvale Ave & Avondale Ave,456
Kedzie & 103rd St - East,18
Kedzie & 103rd St - West,2
Kedzie Ave & 104th St,96
Kedzie Ave & 110th St,115
Kedzie Ave & 21st St,474
Kedzie Ave & 24th St,288
Kedzie Ave & 45th St,372
Kedzie Ave & 48th Pl,1464
Kedzie Ave & 52nd St,288
Kedzie Ave & 54th St - SE,82
Kedzie Ave & 54th St - SW,75
Kedzie Ave & 57th St,862
Kedzie Ave & 58th St,68
Kedzie Ave & 61st Pl,140
Kedzie Ave & 63rd St,51
Kedzie Ave & 64th St - SE,6
Kedzie Ave & 64th St - SW,137
Kedzie Ave & Archer Ave,44
Kedzie Ave & Argyle St,564
Kedzie Ave & Bryn Mawr Ave,1006
Kedzie Ave & Chicago Ave,850
Kedzie Ave & Foster Ave,1209
Kedzie Ave & George St,5190
Kedzie Ave & Harrison St,202
Kedzie Ave & Lake St,987
Kedzie Ave & Leland Ave,1640
Kedzie Ave & Milwaukee Ave,13842
Kedzie Ave & Palmer Ct,4291
Kedzie Ave & Pershing Rd,33
Kedzie Ave & Roosevelt Rd,344
Keef Ave & South Chicago Ave,111
Keeler Ave & 55th St,15
Keeler Ave & Madison St,53
Keeler Ave & Roosevelt Rd,225
Kenneth Ave & 50th St,206
Kenneth Ave & 63rd St,69
Kenosha & Wellington,1887
Kenton Ave & Madison St,111
Kenton Ave & Palmer St,180
Keystone Ave & Fullerton Ave,1249
Keystone Ave & Irving Park Rd,69
Keystone Ave & Montrose Ave,1009
Keystone Ave & North Ave,521
Kilbourn & Belden,1040
Kilbourn & Roscoe,1622
Kilbourn Ave & Fullerton Ave,14
Kilbourn Ave & Irving Park Rd,555
Kilbourn Ave & Milwaukee Ave,378
Kildare & Cermak,192
Kildare Ave & 26th St,89
Kildare Ave & 47th St,339
Kildare Ave & 55th St,377
Kildare Ave & 63rd St,28
Kildare Ave & Chicago Ave,178
Kildare Ave & Division Ave,29
Kildare Ave & Division St,185
Kildare Ave & Montrose Ave,862
Kildare Ave & Washignton Blvd,202
Kilpatrick Ave & Grand Ave,693
Kilpatrick Ave & Parker Ave,1266
Kimball Ave & Belmont Ave,2592
Kimball Ave & Carmen Ave,56
Kimbark Ave & 53rd St,14372
Kimbark Ave & 63rd St,72
Kimbark Ave & 67th St,220
King Dr & 83rd St,8
Kingsbury St & Erie St,16704
Kingsbury St & Kinzie St,32301
Knox Ave & Montrose Ave,1112
Kolin Ave & Archer Ave,58
Komensky Ave & 31st St,421
Komensky Ave & 55th St,523
Komensky Ave & 59th St,67
Kosciuszko Park,2624
Kostner Ave & 63rd St,426
Kostner Ave & Adams St,309
Kostner Ave & Armitage Ave,406
Kostner Ave & Lake St,127
Kostner Ave & North Ave,23
Kostner Ave & Wrightwood Ave,7114
La Villita Park (Albany/30th),147
LaSalle Dr & Huron St,12306
LaSalle St & Adams St,4635
LaSalle St & Illinois St,22608
LaSalle St & Jackson Blvd,12950
LaSalle St & Washington St,8705
Lafayette Ave & 119th St,3
Lafayette Ave & 87th St - NW,124
Lafayette Ave & 87th St - SW,98
Lafayette Ave & 95th St,229
Laflin St & 51st St,162
Laflin St & 79th St,31
Laflin St & Cullerton St,2842
Lake Park Ave & 35th St,2501
Lake Park Ave & 44th St,940
Lake Park Ave & 47th St,2938
Lake Park Ave & 53rd St,6733
Lake Park Ave & 56th St,7043
Lakefront Trail & Bryn Mawr Ave,12786
Lakefront Trail & Wilson Ave,8408
Lakeview Ave & Fullerton Pkwy,21215
Lamon Ave & Archer Ave,8
Lamon Ave & Armitage Ave,1064
Lamon Ave & Belmont Ave,2021
Lamon Ave & Chicago Ave,815
Langley Ave & 105th Pl,94
Langley Ave & 79th St,172
Laramie Ave & Belmont Ave,56
Laramie Ave & Fullerton Ave,114
Laramie Ave & Gladys Ave,75
Laramie Ave & Grand Ave,40
Laramie Ave & Kinzie St,225
Laramie Ave & Madison St,209
Laramie Ave & Warwick Ave,4
Larrabee St & Armitage Ave,8614
Larrabee St & Division St,11072
Larrabee St & Kingsbury St,17424
Larrabee St & Menomonee St,5544
Larrabee St & North Ave,6811
Larrabee St & Oak St,7537
Larrabee St & Webster Ave,21370
Latrobe Ave & Chicago Ave,170
Latrobe Ave & Lake St,29
Lavergne & Fullerton,1572
Lavergne Ave & 46th St,154
Lavergne Ave & Division St,314
Lawler Ave & 50th St,401
Lawndale Ave & 111th St,177
Lawndale Ave & 16th St,137
Lawndale Ave & 30th St,396
Lawndale Ave & Diversey Ave,1590
Lawndale Ave & Polk St,68
Lawrence Ave & 103rd St,62
Leamington Ave & Hirsch St,519
Leavitt St & Addison St,3054
Leavitt St & Archer Ave,1130
Leavitt St & Armitage Ave,5200
Leavitt St & Belmont Ave,4455
Leavitt St & Chicago Ave,4846
Leavitt St & Division St,4655
Leavitt St & Lawrence Ave,2857
Leavitt St & North Ave,6550
Legler Regional Library,19
Lincoln Ave & Addison St,3537
Lincoln Ave & Balmoral Ave,2388
Lincoln Ave & Belle Plaine Ave,5522
Lincoln Ave & Belmont Ave,8521
Lincoln Ave & Diversey Pkwy,14694
Lincoln Ave & Fullerton Ave,19847
Lincoln Ave & Peterson Ave,1226
Lincoln Ave & Roscoe St,9868
Lincoln Ave & Sunnyside Ave,5616
Lincoln Ave & Waveland Ave,4434
Lincoln Ave & Winona St,2538
Lincoln Park Conservatory,12198
Lincolnwood Dr & Central St,550
Linder Ave & Belmont Ave,12
Lockwood Ave & Wrightwood Ave,2093
Logan Blvd & Elston Ave,5941
Long & Irving Park,1606
Long Ave & Belden Ave,1313
Long Ave & Belmont Ave,791
Long Ave & North Ave,612
Longwood Dr & 111th St,9
Longwood Dr & 95th St,76
Loomis Blvd & 83rd St,1
Loomis Blvd & 84th St,151
Loomis St & 87th St,161
Loomis St & 89th St,153
Loomis St & Archer Ave,1285
Loomis St & Jackson Blvd,5992
Loomis St & Lexington St,21745
Lorel Ave & Chicago Ave,32
Lowe Ave & 98th St,7
Lowe Park,18
Lowell Ave & Elston Ave,170
MLK Jr Dr & 29th St,8474
MLK Jr Dr & 47th St,590
MLK Jr Dr & 56th St,445
MLK Jr Dr & 63rd St,471
MLK Jr Dr & 83rd St,160
MLK Jr Dr & Pershing Rd,1206
MTV Hubbard St,2392
Mackinaw Ave & 106th St,7
Mackinaw Ave & 108th St,9
Mackinaw Ave & 85th St,11
Major Ave & Bloomingdale Ave,325
Major Taylor Trail & 115th St,139
Major Taylor Trail & 124th St,102
Malcolm X College,442
Malcolm X College Vaccination Site,1507
Manor Ave & Leland Ave,2008
Maplewood Ave & 59th St,166
Maplewood Ave & Peterson Ave,669
Marine Dr & Ainslie St,6972
Marquette Ave & 79th St,130
Marquette Ave & 83rd St,22
Marquette Ave & 89th St,135
Marshfield Ave & 44th St,302
Marshfield Ave & 45th St,84
Marshfield Ave & 59th St,59
Marshfield Ave & 87th St,11
Martin Luther King Dr & 111th St,190
Martin Luther King Dr & 44th St,59
Martin Luther King Dr & 69th St,16
Maryland Ave & 104th St,371
Maryland Ave & 87th ST,17
Mason Ave & Belmont Ave,387
Mason Ave & Roosevelt Rd,23
May St & 63rd St,56
May St & 69th St,228
May St & 78th St,4
May St & Cullerton St,2598
May St & Taylor St,12778
Mayfield & Roosevelt Rd,138
McClurg Ct & Erie St,14928
McClurg Ct & Ohio St,19800
McCormick Blvd & Devon Ave,134
McCormick Place,5772
McVicker Ave & Grand Ave,37
Meade Ave & Addison St,493
Meade Ave & Diversey Ave,562
Melvina Ave & Belmont Ave,35
Menard Ave & Adams Blvd,17
Menard Ave & Agusta Blvd,51
Menard Ave & Belmont Ave,12
Menard Ave & Dakin St - midblock,338
Menard Ave & Division St,181
Menard Ave & Grand Ave,55
Menard Ave & Madison St,143
Menard Ave & North Ave,142
Michigan Ave & 102nd St,23
Michigan Ave & 110th St,27
Michigan Ave & 113th St,35
Michigan Ave & 114th St,58
Michigan Ave & 119th St,4
Michigan Ave & 14th St,11214
Michigan Ave & 18th St,9292
Michigan Ave & 71st St,97
Michigan Ave & 8th St,16834
Michigan Ave & 96th St,86
Michigan Ave & Ida B Wells Dr,7319
Michigan Ave & Jackson Blvd,12407
Michigan Ave & Lake St,20571
Michigan Ave & Madison St,10136
Michigan Ave & Oak St,37599
Michigan Ave & Pearson St,9992
Michigan Ave & Washington St,22736
Midway Orange Line,314
Mies van der Rohe Way & Chestnut St,14966
Mies van der Rohe Way & Chicago Ave,14592
Millard Ave & 26th St,420
Millennium Park,33053
Milwaukee Ave & Addison St,396
Milwaukee Ave & Cuyler Ave,743
Milwaukee Ave & Diversey Ave,651
Milwaukee Ave & Fullerton Ave,13780
Milwaukee Ave & Grand Ave,14607
Milwaukee Ave & Haussen Ct,180
Milwaukee Ave & Rockwell St,4543
Milwaukee Ave & School St,848
Milwaukee Ave & Wabansia Ave,11610
Milwaukee Ave & Waveland Ave,16
Monticello Ave & Belmont Ave,892
Monticello Ave & Chicago Ave,374
Monticello Ave & Irving Park Rd,1595
Montrose Harbor,19195
Morgan Ave & 14th Pl,4614
Morgan St & 103rd St,11
Morgan St & 18th St,5505
Morgan St & 31st St,3327
Morgan St & 87th St,190
Morgan St & 95th St,67
Morgan St & Lake St,14453
Morgan St & Pershing Rd,145
Morgan St & Polk St,14825
Mozart Elementary School,1733
Mozart St & Jackson Blvd,284
Mt Greenwood Library - North,3
Mt Greenwood Library - South,11
Mulligan Ave & Wellington Ave,898
Museum of Science and Industry,4400
Muskegon Ave & 89th St,7
N Carpenter St & W Lake St,4958
N Clark St & W Elm St,12112
N Damen Ave & W Chicago Ave,5128
N Green St & W Lake St,13356
N Narragansett Ave & Grand Ave,122
N Paulina St & Lincoln Ave,6055
N Sayre Ave & W Belden Ave,4
N Sheffield Ave & W Wellington Ave,13198
N Shore Channel Trail & Argyle Ave,16
N Shore Channel Trail & Argyle St,1661
N Southport Ave & W Newport Ave,5856
Nagle Ave & Belmont Ave,77
Narragansett & Irving Park,909
Narragansett & McLean,484
Narragansett & Wrightwood,3256
Narragansett Ave & Fullerton Ave,285
Narragansett Ave & School St,670
Neva Ave & Grand Ave,199
New England Ave & Grace St,57
New St & Illinois St,20403
Newcastle Ave & Belden Ave,182
Newcastle Ave & Belmont Ave,14
Newcastle Ave & Wellington Ave,5
Newland Ave & Diversey Ave,9
Noble St & Milwaukee Ave,7992
Nordica & Medill,294
Nordica Ave & Addison St,39
Normal Ave & 72nd St,47
Normal Ave & Archer Ave,1064
North Ave & New England Ave,121
Oak Park & Wellington,464
Oakley Ave & Irving Park Rd,2427
Oakley Ave & Touhy Ave,560
Ogden Ave & Chicago Ave,11092
Ogden Ave & Congress Pkwy,3122
Ogden Ave & Race Ave,9257
Ogden Ave & Roosevelt Rd,1889
Oglesby Ave & 100th St,94
Oglesby Ave & 105th St,34
Oglesby Ave & 95th St,81
Oketo Ave & Addison St,232
Oketo Ave & Belmont Ave,19
Oleander Ave & Addison St,23
Olive Harvey College,117
Orange & Addison,584
Orleans St & Chestnut St (NEXT Apts),9058
Orleans St & Elm St,4990
Orleans St & Hubbard St,8409
Orleans St & Merchandise Mart Plaza,15788
Orville T Bright School,6
Ozark Ave & Addison St,24
Panama Ave & Forest Preserve Ave,12
Panama Ave & Grace St,43
Park Manor Elementary School,5
Parkside Ave & Armitage Ave,135
Parnell Ave & 103rd St,2
Parnell Ave & 119th St,211
Parnell Ave & 98th St,5
Paulina Ave & North Ave,8265
Paulina St & 18th St,4739
Paulina St & Flournoy St,8927
Paulina St & Howard St,2303
Paulina St & Montrose Ave,3886
Penn Elementary School / KIPP Ascend Middle School,3
Peoria St & Jackson Blvd,16641
Percy Julian HS,5
Perry Ave & 108th Pl,145
Perry Ave & 69th St,256
Phillips Ave & 79th St,319
Phillips Ave & 83rd St,142
Pine Grove Ave & Irving Park Rd,14574
Pine Grove Ave & Waveland Ave,18680
Ping Tom Park (East),1212
Piotrowski Park,3
Pittsburgh Ave & Irving Park,5
Plainfield & Irving Park,84
Plainfield Ave & Irving Park Rd,1
Prairie Ave & 43rd St,901
Prairie Ave & 47th St - midblock,250
Prairie Ave & Garfield Blvd,1671
Princeton Ave & 43rd St,107
Princeton Ave & 47th St,754
Princeton Ave & Garfield Blvd,410
Prospect Sq & 91st St,202
Pubic Rack - Pulaski Rd & 41st,18
Public  Rack - Albany Ave & 63rd St,30
Public Rack - 10557 S Western Ave,20
Public Rack - 111th St - Morgan Park Metra,19
Public Rack - 532 E 43rd St,50
Public Rack - 53rd St & Indiana Ave,2
Public Rack - 63rd & Western Ave N,30
Public Rack - 63rd & Western Ave S,7
Public Rack - Abbott Park,5
Public Rack - Aida Food Market,7
Public Rack - Al Raby School,153
Public Rack - Albany Ave & 111th St - NW,1
Public Rack - Ashland Ave & 45th St,92
Public Rack - Ashland Ave & 63rd St,60
Public Rack - Ashland Ave & 71st St,19
Public Rack - Ashland Ave & 74th St,1
Public Rack - Ashland Ave & 76th St,20
Public Rack - Ashland Ave & 83rd St,14
Public Rack - Ashland Ave & 91st St,64
Public Rack - Austin Ave & Roscoe St,240
Public Rack - Austin Ave & Wellington Ave,28
Public Rack - Austin Ave & Wellington Ave - midblock,14
Public Rack - Austin Ave & Wrightwood Ave,170
Public Rack - Austin Blvd & North Ave,130
Public Rack - Austin Branch Chicago Public Library,28
Public Rack - Ave L & 105th St,2
Public Rack - Ave N & 106th St,1
Public Rack - Avenue J & 102nd St,2
Public Rack - Avenue J & 106th St,3
Public Rack - Avenue J & 112th St,2
Public Rack - Avers Ave & Archer Ave,10
Public Rack - Avers Ave & Irving Park Rd,545
Public Rack - Avers Ave & Ogden Ave,50
Public Rack - Avondale Ave & Addison St,410
Public Rack - Baltimore Ave & 132nd St,5
Public Rack - Bell Ave & 95th St,37
Public Rack - Bensley Ave & 103rd St,3
Public Rack - Brainerd Park,100
Public Rack - Brandon Ave & 91st St,27
Public Rack - Brighton Park Branch Chicago Library,8
Public Rack - Buffalo Ave & 133rd St,4
Public Rack - Buffalo Ave & 89th St,5
Public Rack - Burnside Academy,2
Public Rack - California Ave & Cortez St,1972
Public Rack - California Ave & Devon Ave - NE,59
Public Rack - California Ave & Devon Ave - NW,110
Public Rack - California Ave & Ogden Ave,112
Public Rack - California Ave & Pershing Rd,10
Public Rack - California Ave & Touhy Ave - NW,91
Public Rack - California Ave & Touhy Ave - SW,12
Public Rack - California Ave & Touhy Ave - midblock,1
Public Rack - Calumet Ave & 51st St,123
Public Rack - Calumet Ave & Garfield Blvd,15
Public Rack - Campbell Ave & Pratt Blvd,231
Public Rack - Central Ave & Adams St,715
Public Rack - Central Ave & Corcoran Pl,126
Public Rack - Central Ave & George St,117
Public Rack - Central Ave & North Ave,38
Public Rack - Central Park Ave & 16th St,9
Public Rack - Central Park Ave & Fillmore St,34
Public Rack - Central Park Ave & Fulton Blvd,3
Public Rack - Central Park Ave & Ogden Ave,37
Public Rack - Champlain Ave & 65th St,100
Public Rack - Chappel Ave & 71st St,2
Public Rack - Chase Ave & Touhy Ave - NE,91
Public Rack - Chase Ave & Touhy Ave - NW,41
Public Rack - Chopin Park,89
Public Rack - Christiana Ave & 55th St,5
Public Rack - Christiana Ave & Archer Ave,156
Public Rack - Christiana Ave & Belmont Ave,659
Public Rack - Christiana Ave & Bryn Mawr Ave,61
Public Rack - Christiana Ave & Lawrence Ave,191
Public Rack - Cicero Ave & Altgeld St,148
Public Rack - Cicero Ave & Cortland St - midblock,106
Public Rack - Cicero Ave & Le Moyne St - midblock,64
Public Rack - Cicero Ave & North Ave,271
Public Rack - Cicero Ave & Roscoe St,203
Public Rack - Cicero Ave & Wellington Ave,79
Public Rack - Cicero Ave & Wrightwood Ave,799
Public Rack - Claremont Ave & 71st St,5
Public Rack - Clyde Ave & 87th St,63
Public Rack - Colfax Ave & 83rd St,12
Public Rack - Commercial Ave & 89th St,3
Public Rack - Cornell Ave & 87th Pl,44
Public Rack - Cottage Grove & 85th St,13
Public Rack - Cottage Grove & 86th St,12
Public Rack - Cottage Grove Ave & 87th St,15
Public Rack - Cottage Grove Ave & 92nd St,8
Public Rack - Cottage Grove Ave & 98th St,27
Public Rack - Crandon Ave & 80th St,1
Public Rack - Damen Ave & 47th St,6
Public Rack - Damen Ave & 80th St,19
Public Rack - Division St & Christiana Ave,149
Public Rack - Drake Ave & Leland Ave,510
Public Rack - East End Ave & 75th St,70
Public Rack - East End Ave & 87th St,42
Public Rack - Eberhart Ave & 61st St,154
Public Rack - Eggleston Ave & 115th St,6
Public Rack - Eli Whitney Public School,84
Public Rack - Ellis Ave & Doty Ave,1
Public Rack - Emerald Ave & 43rd St,8
Public Rack - Emerald Ave & 45th St,19
Public Rack - Evans Ave & 63rd St,168
Public Rack - Ewing Ave & 101st St,5
Public Rack - Ewing Ave & 102nd St,2
Public Rack - Ewing Ave & 105th St,11
Public Rack - Ewing Ave & 106th St,8
Public Rack - Ewing Ave & 107th St,21
Public Rack - Ewing Ave & 95th St,3
Public Rack - Ewing Ave & 96th St N,17
Public Rack - Ewing Ave & 96th St S,2
Public Rack - Ewing Ave & 99th St,1
Public Rack - Exchange Ave & 73rd Pl,294
Public Rack - Fairfield Ave & 63rd St,35
Public Rack - Forrestville Ave & 47th St,97
Public Rack - Francisco Ave & Touhy Ave,11
Public Rack - Fullerton Ave & Lavergne Ave,69
Public Rack - Fullerton Ave & Narragansett Ave,148
Public Rack - Garfield Park Conservatory,4
Public Rack - Grand Ave & Lawndale Ave,8
Public Rack - Grand Ave & North Ave,117
Public Rack - Green St & 103rd St,1
Public Rack - Greenwood Ave & Lake Park Ave,90
Public Rack - Halsted St & 102nd St,7
Public Rack - Halsted St & 109th St,141
Public Rack - Halsted St & 111th St,10
Public Rack - Halsted St & 113th St,3
Public Rack - Halsted St & 41st St,11
Public Rack - Halsted St & 63rd St,5
Public Rack - Halsted St & 64th St,38
Public Rack - Halsted St & 76th St,8
Public Rack - Halsted St & 95th St - SE,30
Public Rack - Halsted St & 95th St - SW,1
Public Rack - Hamilton Ave & 95th St,41
Public Rack - Hamlin Ave & Chicago Ave,17
Public Rack - Hamlin Ave & Fullerton Ave,1943
Public Rack - Hamlin Ave & Grand Ave,182
Public Rack - Hamlin Ave & Madison St,234
Public Rack - Hamlin Ave & Montrose Ave,492
Public Rack - Harding Ave & 47th St,6
Public Rack - Harold Washington Park,198
Public Rack - Harper Ave & 63rd St,28
Public Rack - Harriet E Sayre Public School,9
Public Rack - Harvard Ave & 103rd St,5
Public Rack - Harvey Ave & North Ave,82
Public Rack - Homan Ave & 111th St,5
Public Rack - Homan Ave & 26th St,199
Public Rack - Homan Ave & Lake St,99
Public Rack - Homan Ave & Roosevelt,10
Public Rack - Houston Ave & 131st St,4
Public Rack - Hoyne Ave & 110th Pl,44
Public Rack - Hoyne Ave & 51st St,6
Public Rack - Hyde Park Blvd & 53rd St,55
Public Rack - Hyde Park Blvd & 55th St,274
Public Rack - Independence Blvd & Roosevelt,1
Public Rack - Jeffery Blvd & 67th St,29
Public Rack - Jeffery Blvd & 81st St,77
Public Rack - Jeffery Blvd & 83rd St,17
Public Rack - Jeffrey Blvd & 71st St,55
Public Rack - Jensen Park,297
Public Rack - Jonathan Y Scammon Public School,330
Public Rack - Karlov Ave & 26th St,6
Public Rack - Karlov Ave & Kamerling Ave,281
Public Rack - Karlov Ave & Milwaukee Ave,291
Public Rack - Kedvale Ave & 26th St,6
Public Rack - Kedvale Ave & 63rd St,5
Public Rack - Kedvale Ave & 63rd St W,6
Public Rack - Kedvale Ave & Addison St,28
Public Rack - Kedvale Ave & Avondale Ave,131
Public Rack - Kedzie & 103rd St - East,5
Public Rack - Kedzie & 103rd St - W,2
Public Rack - Kedzie Ave & 54th Pl,6
Public Rack - Kedzie Ave & 54th St - SE,33
Public Rack - Kedzie Ave & 54th St - SW,7
Public Rack - Kedzie Ave & 58th St,32
Public Rack - Kedzie Ave & 60th St,8
Public Rack - Kedzie Ave & 61st Pl,8
Public Rack - Kedzie Ave & 61st Pl E,42
Public Rack - Kedzie Ave & 61st Pl W,62
Public Rack - Kedzie Ave & 62nd Pl,59
Public Rack - Kedzie Ave & 63rd St,24
Public Rack - Kedzie Ave & 64th St - SE,16
Public Rack - Kedzie Ave & 64th St - SW,19
Public Rack - Kedzie Ave & Archer Ave,41
Public Rack - Kedzie Ave & Argyle St,515
Public Rack - Kedzie Ave & Arthington St,9
Public Rack - Kedzie Ave & Chicago Ave,170
Public Rack - Kedzie Ave & Pershing Rd,2
Public Rack - Kedzie Ave & Walnut St,38
Public Rack - Keef Ave & South Chicago Ave,24
Public Rack - Keeler Ave & 26th St,1
Public Rack - Keeler Ave & 55th St,13
Public Rack - Kenneth Ave & 63rd St E,23
Public Rack - Kenneth Ave & 63rd St W,5
Public Rack - Kenton Ave & Palmer St,240
Public Rack - Keystone Ave & Irving Park Rd,492
Public Rack - Keystone Ave & North Ave,464
Public Rack - Kilbourn Ave & Fullerton Ave,129
Public Rack - Kildare Ave & 63rd St,2
Public Rack - Kildare Ave & Division Ave,6
Public Rack - Kildare Ave & Division St,290
Public Rack - Kildare Ave & North Ave,22
Public Rack - Kildare Ave & Washignton Blvd,1
Public Rack - Kimball Ave & Carmen Ave,72
Public Rack - Kimbark Ave & 63rd St,112
Public Rack - Kimbark Ave & 67th St,119
Public Rack - King Dr & 115th St,134
Public Rack - King Dr & 71st St,73
Public Rack - King Dr & 83rd St,8
Public Rack - King Dr & Oakwood Blvd,363
Public Rack - Kingston Ave & 75th St,39
Public Rack - Kolin Ave & Archer Ave,15
Public Rack - Komensky Ave & 26th St,19
Public Rack - Komensky Ave & 59th St,1
Public Rack - Komensky Ave & 63rd St,6
Public Rack - Kostner Ave & 16th St,27
Public Rack - Kostner Ave & Armitage Ave,366
Public Rack - Kostner Ave & Diversey Ave,142
Public Rack - Kostner Ave & Lake St,7
Public Rack - Kostner Ave & North Ave,77
Public Rack - Kostner Ave & Wrightwood Ave,24
Public Rack - La Moyne Ave and Leamington Ave,30
Public Rack - Lafayette Ave & 87th St SW,12
Public Rack - Lafayette Ave & 95th St,90
Public Rack - Laflin St & 51st St,6
Public Rack - Laflin St &51st ST,3
Public Rack - Lake Park Ave & 47th St,109
Public Rack - Lake Shore Dr & Hayes Dr,291
Public Rack - Lamon Ave & Erie St,24
Public Rack - Langley Ave & 49th St,325
Public Rack - Langley Ave & 79th St,45
Public Rack - Langley Ave & 87th St,3
Public Rack - Langley Ave & Oakwood Blvd,4
Public Rack - Laporte Ave & Armitage Ave,25
Public Rack - Laramie Ave & Belmont Ave,199
Public Rack - Laramie Ave & Fullerton Ave,181
Public Rack - Laramie Ave & Grand Ave,85
Public Rack - Laramie Ave & Warwick Ave,56
Public Rack - Latrobe Ave & Lake St,40
Public Rack - Lawndale & 63rd St,4
Public Rack - Lawndale Ave & 23rd St,24
Public Rack - Lawndale Ave & 63rd St,61
Public Rack - Lawndale Ave & Diversey Ave,2412
Public Rack - Lawndale Ave & Polk St,30
Public Rack - Leclaire Ave & Division St,77
Public Rack - Legler Regional Library,66
Public Rack - Linder Ave & Belmont Ave,60
Public Rack - Lockwood Ave & Diversey Ave,393
Public Rack - Longwood Dr & 111th St,5
Public Rack - Longwood Dr & 95th St,14
Public Rack - Loomis Blvd & 47th St,3
Public Rack - Loomis Blvd & 83rd St,1
Public Rack - Loomis St & 87th St,62
Public Rack - Lorel Ave & Chicago Ave,28
Public Rack - Lorel Ave & Grand Ave,203
Public Rack - Lowell Ave & Elston Ave,352
Public Rack - Mackinaw Ave & 106th St,1
Public Rack - Maplewood Ave & 47th St,10
Public Rack - Maplewood Ave & 63rd St,9
Public Rack - Marquette Rd & 67th St,52
Public Rack - Marshfield Ave & 45th St,26
Public Rack - Marshfield Ave & 87th St,4
Public Rack - Martin Luther King Dr & 44th St,27
Public Rack - Martin Luther King Dr & 69th St,13
Public Rack - May St & 78th St,11
Public Rack - McCormick Blvd & Devon Ave,344
Public Rack - McVicker Ave & Grand Ave,41
Public Rack - Melvina Ave & Belmont Ave,88
Public Rack - Menard Ave & Adams Blvd,30
Public Rack - Menard Ave & Agusta Blvd,3
Public Rack - Menard Ave & Belmont Ave,34
Public Rack - Menard Ave & Dakin St - midblock,279
Public Rack - Menard Ave & Grand Ave,121
Public Rack - Menard Ave & Madison St,26
Public Rack - Michele Clark Magnet High School,122
Public Rack - Michigan Ave & 107th St,140
Public Rack - Michigan Ave & 113th St,20
Public Rack - Michigan Ave & 119th St,2
Public Rack - Michigan Ave & 96th St,13
Public Rack - Midway Orange Line,152
Public Rack - Milwaukee Ave & Addison St,381
Public Rack - Milwaukee Ave & Diversey Ave,1854
Public Rack - Milwaukee Ave & Haussen Ct,600
Public Rack - Milwaukee Ave & School St,758
Public Rack - Milwaukee Ave & Waveland Ave,19
Public Rack - Monticello Ave & Belmont Ave,615
Public Rack - Morgan St & 87th St,4
Public Rack - Morgan St & 95th St,7
Public Rack - Mozart Elementary School,686
Public Rack - Mt Greenwood Library N,6
Public Rack - N Narragansett Ave & Grand Ave,117
Public Rack - N Sayre Ave & W Belden Ave,8
Public Rack - Nagle Ave & Belmont Ave,100
Public Rack - Narragansett Ave & Fullerton Ave,181
Public Rack - Neva Ave & Grand Ave,21
Public Rack - Newcastle Ave & Belmont Ave,20
Public Rack - Newcastle Ave & Wellington Ave,1
Public Rack - Nordica Ave & Addison St,31
Public Rack - Normal Ave & 111th St,17
Public Rack - Normal Ave & 72nd St,7
Public Rack - Oakley Ave & 50th Pl,1
Public Rack - Oketo Ave & Belmont Ave,15
Public Rack - Oleander Ave & Addison St,1
Public Rack - Ozark Ave & Addison St,9
Public Rack - Parnell Ave & 103rd St,19
Public Rack - Paxton Ave & 79th St,142
Public Rack - Penn Elementary School / KIPP Ascend Middle School,53
Public Rack - Percy Julian HS,8
Public Rack - Perry Ave & 108th Pl,6
Public Rack - Perry Ave & 111th St,3
Public Rack - Peterson Ave & Bernard Ave,8
Public Rack - Peterson Ave & Drake Ave,3
Public Rack - Piotrowski Park,2
Public Rack - Prairie Ave & 47th St,128
Public Rack - Prairie Ave & Garfield Blvd,73
Public Rack - Prairie Ave & Garfield Blvd N,37
Public Rack - Pulaski & 52nd,19
Public Rack - Pulaski Rd & 15th St,30
Public Rack - Pulaski Rd & 40th St,3
Public Rack - Pulaski Rd & 44th St,124
Public Rack - Pulaski Rd & 51st Rd,8
Public Rack - Pulaski Rd & 5th Ave,21
Public Rack - Pulaski Rd & 65th St,234
Public Rack - Pulaski Rd & Armitage Ave,952
Public Rack - Pulaski Rd & Flournoy St,3
Public Rack - Pulaski Rd & Fullerton Ave,269
Public Rack - Pulaski Rd & Grenshaw St,9
Public Rack - Pulaski Rd & Lake St,210
Public Rack - Pulaski Rd & Polk St,2
Public Rack - Pulaski Rd & Roosevelt Rd,44
Public Rack - Pullman - Planet Fitness,21
Public Rack - Pullman - Walmart,46
Public Rack - Pullman Community Center,8
Public Rack - Racine Ave & 109th Pl,106
Public Rack - Racine Ave & 74th St,14
Public Rack - Racine Ave & 76th,15
Public Rack - Richmond St & Thorndale Ave,11
Public Rack - Robert Fulton Elementary School,45
Public Rack - Rockwell & 111th St,38
Public Rack - Rockwell & Division,1971
Public Rack - Rockwell Ave & Touhy Ave,169
Public Rack - Roscoe St & Osceola Ave,3
Public Rack - Roswell B. Mason Elementary School,37
Public Rack - Rutherford Ave & Belmont Ave,3
Public Rack - S Kostner Ave & W 18th Pl,7
Public Rack - Sacramento Ave & Devon Ave,165
Public Rack - Sacramento Ave & Greenleaf Ave,61
Public Rack - Sacramento Blvd & Division St,26
Public Rack - Saginaw Ave & 93rd St,41
Public Rack - Sawyer Ave & Bryn Mawr Ave - SE,15
Public Rack - Sawyer Ave & Bryn Mawr Ave - SW,29
Public Rack - Sawyer Ave & Chicago Ave,175
Public Rack - Sawyer Ave & Lawrence Ave,178
Public Rack - Senka "Edward Duke" Park,2
Public Rack - South Shore Dr & 71st St,102
Public Rack - Spaulding Ave & Bryn Mawr Ave,122
Public Rack - Spaulding Ave & Evergreen Ave,1666
Public Rack - Spaulding Ave & Foster Ave,118
Public Rack - Spaulding Ave & North Ave,1152
Public Rack - Spencer Elementary Technology Academy,63
Public Rack - Springfield Ave & 63rd St,6
Public Rack - St Louis Ave & Berteau Ave,96
Public Rack - St Louis Ave & Flournoy St,18
Public Rack - State ST & 42nd St,121
Public Rack - Stewart Ave & 123rd St,32
Public Rack - Stony Island & 87th St,65
Public Rack - Talman Ave & 51st St,11
Public Rack - Talman Ave & Pershing Rd,10
Public Rack - Throop St & 109th Pl,16
Public Rack - Tripp Ave & North Ave,153
Public Rack - Troy & 111th St,1
Public Rack - Union Ave & 111th St,14
Public Rack - Vincennes Ave & 77th St,76
Public Rack - Vincennes Ave & 95th St,40
Public Rack - Wabash Ave & 87th St,11
Public Rack - Walden Pkwy & 103rd St,85
Public Rack - Walden Pkwy & 99th St,7
Public Rack - Wallace St & 119th St,39
Public Rack - Waller Ave & Chicago Ave,14
Public Rack - Washington Park Ct & 51st St,9
Public Rack - Washtenaw Ave & Devon Ave,437
Public Rack - Washtenaw Ave & Superior St,434
Public Rack - Wentworth Ave & 103rd St,6
Public Rack - Wentworth Ave & 79th St,11
Public Rack - West Chatham Park,3
Public Rack - Western Ave & 100th St,42
Public Rack - Western Ave & 104th St - East,33
Public Rack - Western Ave & 104th St - West,3
Public Rack - Western Ave & 105th St,13
Public Rack - Western Ave & 106th St - East,10
Public Rack - Western Ave & 107th Pl,5
Public Rack - Western Ave & 107th St,3
Public Rack - Western Ave & 110th St,52
Public Rack - Western Ave & 111th St - NW,20
Public Rack - Western Ave & 111th St - SW,15
Public Rack - Western Ave & 116th St,3
Public Rack - Western Ave & 118th St,8
Public Rack - Western Ave & 47th Pl,72
Public Rack - Western Ave & 79th St,17
Public Rack - Western Ave & 92nd Pl,20
Public Rack - Western Ave & 96th St,93
Public Rack - Western Ave & 98th St,20
Public Rack - Western Ave & Devon Ave,650
Public Rack - Western Ave & Jarvis Ave,248
Public Rack - Western Blvd & 49th St,180
Public Rack - Whipple St & 26th St,26
Public Rack - Whipple St & 63rd St,24
Public Rack - Wood St & 103rd St,23
Public Rack - Wood St & 47th St,54
Public Rack - Woodlawn Ave & 63rd St - NE,1459
Public Rack - Woodlawn Ave & 63rd St - SE,122
Public Rack - Woodlawn Ave & 63rd St N,488
Public Rack - Woodlawn Ave & 63rd St S,76
Public Rack - Yates Ave & 100th St,1
Public Rack - Zapata Academy,8
Pulaski & 52nd,37
Pulaski & Ann Lurie Pl,228
Pulaski Rd & 21st St,708
Pulaski Rd & 40th St,59
Pulaski Rd & 41st,21
Pulaski Rd & 44th St,177
Pulaski Rd & 51st Rd,61
Pulaski Rd & 51st St,1292
Pulaski Rd & 60th St,326
Pulaski Rd & Armitage Ave,649
Pulaski Rd & Congress Pkwy,173
Pulaski Rd & Eddy St,749
Pulaski Rd & Fullerton Ave,194
Pulaski Rd & Lake St,178
Pullman - Planet Fitness,9
Pullman - Ross Dress for Less,18
Pullman - Walmart,103
Pullman Community Center,10
Racine Ave & 109th Pl,155
Racine Ave & 13th St,938
Racine Ave & 15th St,3116
Racine Ave & 18th St,6716
Racine Ave & 35th St,1112
Racine Ave & 61st St,57
Racine Ave & 65th St,67
Racine Ave & 74th St,22
Racine Ave & 76th,83
Racine Ave & 83rd St,1
Racine Ave & Belmont Ave,13567
Racine Ave & Congress Pkwy,7392
Racine Ave & Fullerton Ave,16014
Racine Ave & Garfield Blvd,216
Racine Ave & Randolph St,5510
Racine Ave & Washington Blvd,5534
Racine Ave & Wrightwood Ave,7677
Rainbow Beach,225
Ravenswood Ave & Berteau Ave,3900
Ravenswood Ave & Irving Park Rd,5230
Ravenswood Ave & Lawrence Ave,14408
Rhodes Ave & 32nd St,4706
Rhodes Ave & 71st St,67
Rhodes Ave & 79th St,19
Richmond St & 59th St,225
Richmond St & Diversey Ave,2969
Richmond St & Lincoln Ave,467
Ridge Blvd & Howard St,822
Ridge Blvd & Touhy Ave,694
Ritchie Ct & Banks St,11905
Robert Fulton Elementary School,151
Rockwell & 111th St,40
Rockwell Ave & Touhy Ave,37
Rockwell St & 57th St,301
Rockwell St & 63rd St,172
Rockwell St & Archer Ave,1226
Rockwell St & Cermak Rd,1513
Rockwell St & Eastwood Ave,3400
Rockwell St & Fletcher St,4034
Roscoe & Harlem,135
Rush St & Cedar St,16154
Rush St & Hubbard St,9473
Rush St & Superior St,15022
Rutherford Ave & Belmont Ave,30
S Aberdeen St & W 106th St,349
S Michigan Ave & E 118th St,58
S Wentworth Ave & W 111th St,73
Sacramento Ave & 25th St,847
Sacramento Ave & Devon Ave,228
Sacramento Ave & Greenleaf Ave,19
Sacramento Ave & Pershing Rd,570
Sacramento Blvd & Addison St,1627
Sacramento Blvd & Division St,18
Sacramento Blvd & Franklin Blvd,367
Sacramento Blvd & Fulton Ave,353
Sacramento Blvd & Polk St,184
Sacramento Blvd & Washington Blvd,15
Sangamon St & 79th St,47
Sangamon St & Lake St,7805
Sangamon St & Washington Blvd,8752
Sawyer Ave & 111th St,18
Sawyer Ave & Bryn Mawr Ave - SE,14
Sawyer Ave & Irving Park Rd,1014
Sawyer Ave & Lawrence Ave,36
Sayre & Diversey,630
Sedgwick St & Huron St,12410
Sedgwick St & North Ave,15026
Sedgwick St & Schiller St,4317
Sedgwick St & Webster Ave,13585
Seeley Ave & Garfield Blvd,140
Seeley Ave & Roscoe St,5980
Senka "Edward Duke" Park,4
Shabbona Park,335
Shedd Aquarium,24102
Sheffield Ave & Fullerton Ave,22626
Sheffield Ave & Kingsbury St,12797
Sheffield Ave & Waveland Ave,19672
Sheffield Ave & Webster Ave,16739
Sheffield Ave & Wellington Ave,17254
Sheffield Ave & Willow St,10794
Sheffield Ave & Wrightwood Ave,16667
Sheridan Rd & Argyle St,3097
Sheridan Rd & Buena Ave,9032
Sheridan Rd & Columbia Ave,3193
Sheridan Rd & Greenleaf Ave,2004
Sheridan Rd & Irving Park Rd,17241
Sheridan Rd & Lawrence Ave,6366
Sheridan Rd & Loyola Ave,4254
Sheridan Rd & Montrose Ave,13659
Sheridan Rd & Noyes St (NU),5163
Shields Ave & 28th Pl,2675
Shields Ave & 31st St,3992
Shields Ave & 43rd St,208
Shore Dr & 55th St,11130
Smith Park,2024
South Chicago Ave & 83rd St,82
South Chicago Ave & Elliot Ave,29
South Shore Dr & 67th St,1127
South Shore Dr & 71st St,1462
South Shore Dr & 74th St,493
South Shore High School,129
Southport Ave & Belmont Ave,11840
Southport Ave & Clark St,3198
Southport Ave & Clybourn Ave,9951
Southport Ave & Irving Park Rd,7849
Southport Ave & Roscoe St,19454
Southport Ave & Waveland Ave,17864
Southport Ave & Wellington Ave,12405
Southport Ave & Wrightwood Ave,11317
Spaulding Ave & 16th St,374
Spaulding Ave & 63rd St,400
Spaulding Ave & Armitage Ave,4989
Spaulding Ave & Bryn Mawr Ave,22
Spaulding Ave & Division St,2666
Spaulding Ave & Evergreen Ave,1349
Spaulding Ave & Foster Ave,11
Spaulding Ave & North Ave,1640
Springfield Ave & 47th St,266
Springfield Ave & 63rd St,52
St Louis Ave & 59th St,434
St Louis Ave & Berteau Ave,36
St Louis Ave & Norman Bobbins Ave,283
St. Clair St & Erie St,23743
St. Louis Ave & Balmoral Ave,915
St. Louis Ave & Fullerton Ave,3372
State St & 123rd St,78
State St & 19th St,2632
State St & 29th St,1138
State St & 33rd St,13128
State St & 35th St,4622
State St & 47th st,130
State St & 54th St,220
State St & 76th St,83
State St & 79th St,583
State St & 95th St,709
State St & Chicago Ave,19135
State St & Harrison St,7277
State St & Kinzie St,14751
State St & Pearson St,7711
State St & Pershing Rd,227
State St & Randolph St,17706
State St & Van Buren St,8833
Stave St & Armitage Ave,4356
Steelworkers Park,71
Stetson Ave & South Water St,11588
Stewart Ave & 123rd St,32
Stewart Ave & 63rd St,170
Stewart Ave & 83rd St,170
Stockton Dr & Wrightwood Ave,15236
Stony Is Ave & 73rd St,141
Stony Island & 95th St,18
Stony Island Ave & 64th St,489
Stony Island Ave & 67th St,470
Stony Island Ave & 71st St,403
Stony Island Ave & 75th St,383
Stony Island Ave & 82nd St,191
Stony Island Ave & 86th St,81
Stony Island Ave & 90th St,148
Stony Island Ave & South Chicago Ave,118
Streeter Dr & Grand Ave,71699
Strohacker Park,25
Summit Ave & 86th St,153
Talman Ave & 51st St - midblock,145
Talman Ave & Addison St,3422
Theater on the Lake,31588
Throop St & 52nd St,115
Throop St & 58th St,62
Throop St & Taylor St,7482
Torrence Ave  & 106th St,10
Torrence Ave & 103rd St,4
Torrence Ave & 106th St,130
Torrence Ave & 126th Pl,84
Tripp Ave & 15th St,147
Tripp Ave & 31st St,132
Tripp Ave & 65th St,271
Troy & 111th St,1
Troy Ave & 27th St,125
Troy St & Elston Ave,2181
Troy St & Grace St,4089
Troy St & Jackson Blvd,599
Troy St & North Ave,3301
Trumbull Ave & 111th St,9
Tuley (Murray) Park,61
Union Ave & Root St,377
University Ave & 57th St,22979
University Library (NU),2803
Valli Produce - Evanston Plaza,762
Vernon Ave & 107th St,121
Vernon Ave & 75th St,187
Vernon Ave & 79th St,209
Vincennes Ave & 104th St,138
Vincennes Ave & 75th St,85
Vincennes Ave & 87th St,3
Vincennes Ave & 95th Pl,2
Vincennes Ave & 99th St,37
Virginia Ave & Catalpa Ave,1024
W 103rd St & S Avers Ave,222
W Armitage Ave & N Sheffield Ave,9667
W Oakdale Ave & N Broadway,11389
W Washington Blvd & N Peoria St,10184
Wabash Ave & 16th St,8003
Wabash Ave & 83rd St,71
Wabash Ave & 87th St,517
Wabash Ave & 9th St,14129
Wabash Ave & Adams St,9338
Wabash Ave & Cermak Rd,3381
Wabash Ave & Grand Ave,26155
Wabash Ave & Roosevelt Rd,20257
Wabash Ave & Wacker Pl,12023
Wacker Dr & Washington St,8814
Walden Pkwy & 100th St,320
Walden Pkwy & 103rd St,184
Walden Pkwy & 99th St,33
Wallace St & 112 St,24
Wallace St & 35th St,1802
Waller Ave & Chicago Ave,35
Walsh Park,7933
Warren Park East,1047
Warren Park West,1130
Washtenaw Ave & 63rd St,18
Washtenaw Ave & Lawrence Ave,2944
Washtenaw Ave & Madison St,565
Washtenaw Ave & Ogden Ave,950
Washtenaw Ave & Peterson Ave,593
Washtenaw Ave & Polk St,2011
Washtenaw Ave & Superior St,6205
Wells St & 19th St,2235
Wells St & Concord Ln,35531
Wells St & Elm St,29746
Wells St & Evergreen Ave,19757
Wells St & Hubbard St,23124
Wells St & Huron St,24515
Wells St & Institute Pl,347
Wells St & Polk St,10197
Wells St & Walton St,10152
Wentworth Ave & 103rd St,18
Wentworth Ave & 104th St,45
Wentworth Ave & 24th St,2048
Wentworth Ave & 33rd St,2965
Wentworth Ave & 35th St,1943
Wentworth Ave & 63rd St,521
Wentworth Ave & 79th St,24
Wentworth Ave & Cermak Rd,9531
West Chatham Park,44
West Lawn Park,6
Western & 28th - Velasquez Institute Vaccination Site,218
Western Ave & 100th St,110
Western Ave & 104th St,268
Western Ave & 104th St - East,13
Western Ave & 105th St,23
Western Ave & 106th St - East,48
Western Ave & 106th St - West,9
Western Ave & 111th St,321
Western Ave & 111th St - NW,53
Western Ave & 111th St - SE,18
Western Ave & 111th St - SW,11
Western Ave & 116th St,7
Western Ave & 118th St,37
Western Ave & 21st St,1393
Western Ave & 24th St,933
Western Ave & 28th St,27
Western Ave & 62nd St,91
Western Ave & 79th St,243
Western Ave & 92nd Pl,50
Western Ave & Ardmore Ave,674
Western Ave & Berteau Ave,2272
Western Ave & Congress Pkwy,3873
Western Ave & Division St,5282
Western Ave & Fillmore St,5531
Western Ave & Grace St,2915
Western Ave & Granville Ave,1292
Western Ave & Gunnison St,3596
Western Ave & Howard St,1100
Western Ave & Jarvis Ave,126
Western Ave & Lake St,415
Western Ave & Leland Ave,7601
Western Ave & Lunt Ave,1420
Western Ave & Monroe St,2256
Western Ave & Roscoe St,3583
Western Ave & Walton St,7302
Western Ave & Winnebago Ave,9948
Western Blvd & 48th Pl,419
Western Blvd & 49th St,371
Western Blvd & 53rd St,2
Whippie St & 26th St,1
Whipple St & Roosevelt Rd,188
Whipple/Irving Park,966
William Rainey Harper High School,22
Wilton Ave & Belmont Ave,25995
Wilton Ave & Diversey Pkwy,19604
Winchester (Ravenswood) Ave & Balmoral Ave,2138
Winchester Ave & 87th St,18
Winchester Ave & Elston Ave,3544
Winthrop Ave & Lawrence Ave,6122
Wolcott (Ravenswood) Ave & Montrose Ave,5167
Wolcott Ave & 61st St,154
Wolcott Ave & Fargo Ave,485
Wolcott Ave & Polk St,10437
Wood St & 103rd St,30
Wood St & 35th St,890
Wood St & 47th St,169
Wood St & Augusta Blvd,5559
Wood St & Chicago Ave,6970
Wood St & Hubbard St,4382
Wood St & Milwaukee Ave,13669
Wood St & Taylor St,5932
Wood St & Webster Ave,1070
Woodlawn & 103rd - Olive Harvey Vaccination Site,112
Woodlawn Ave & 55th St,8381
Woodlawn Ave & 75th St,75
Woodlawn Ave & Lake Park Ave,1366
Yale Ave & 119th St,4
Yates Blvd & 75th St,287
Yates Blvd & 93rd St,79
Yates Blvd & Exchange Ave,1068
Zapata Academy,19
