end_station_name,total_station
10101 S Stony Island Ave,8
111th St - Morgan Park Metra,63
2112 W Peterson Ave,962
532 E 43rd St,176
63rd & Western Ave - north corner,31
63rd & Western Ave - south corner,35
63rd St Beach,890
83rd St (Avalon Park) Metra,175
900 W Harrison St,11169
Abbott Park,20
Aberdeen St & Jackson Blvd,11144
Aberdeen St & Monroe St,9619
Aberdeen St & Randolph St,10836
Ada St & 113th St,70
Ada St & 117th St,81
Ada St & 119th St,70
Ada St & 79th St,86
Ada St & 95th St,192
Ada St & Washington Blvd,8017
Adler Planetarium,14766
Al Raby School,186
Albany Ave & 103rd St,10
Albany Ave & 111th St - NW,4
Albany Ave & 16th St,349
Albany Ave & 26th St,379
Albany Ave & 63rd St,40
Albany Ave & Belmont Ave,2157
Albany Ave & Bloomingdale Ave,4656
Albany Ave & Douglas Blvd,193
Albany Ave & Montrose Ave,2133
Altgeld Gardens,68
Archer (Damen) Ave & 37th St,522
Archer Ave & 43rd St,521
Archer Park,95
Artesian Ave & 55th St,261
Artesian Ave & Hubbard St,3061
Ashland Ave & 13th St,3521
Ashland Ave & 45th St,61
Ashland Ave & 45th St - midblock south,17
Ashland Ave & 46th St,11
Ashland Ave & 50th St,180
Ashland Ave & 63rd St,166
Ashland Ave & 66th St,66
Ashland Ave & 71st St,57
Ashland Ave & 73rd St,1
Ashland Ave & 74th St,102
Ashland Ave & 76th St,72
Ashland Ave & 78th St,91
Ashland Ave & Archer Ave,1191
Ashland Ave & Augusta Blvd,6631
Ashland Ave & Belle Plaine Ave,3163
Ashland Ave & Blackhawk St,9435
Ashland Ave & Chicago Ave,6133
Ashland Ave & Division St,22538
Ashland Ave & Garfield Blvd,127
Ashland Ave & Grace St,6780
Ashland Ave & Grand Ave,5917
Ashland Ave & Lake St,4805
Ashland Ave & McDowell Ave,461
Ashland Ave & Pershing Rd,222
Ashland Ave & Wellington Ave,6588
Ashland Ave & Wrightwood Ave,6395
Augusta Blvd & Laramie Ave,269
Austin Ave & Roscoe St,240
Austin Ave & Wellington Ave - midblock,29
Austin Ave & Wrightwood Ave,26
Austin Blvd & Chicago Ave,287
Austin Blvd & Lake St,479
Austin Blvd & Madison St,257
Austin Blvd & North Ave,21
Austin Branch Chicago Public Library,47
Avenue J & 102nd St,31
Avenue J & 106th St,88
Avenue J & 112th St,27
Avenue L & 114th St,88
Avenue M & 132nd St,7
Avenue O & 118th St,130
Avenue O & 134th St,90
Avers Ave & Archer Ave,34
Avers Ave & Belmont Ave,2474
Avers Ave & Irving Park Rd,639
Avers Ave & Ogden Ave,1
Avondale Ave & Addison St,15
Avondale Ave & Irving Park Rd,1858
Back of the Yards Park,6
Baltimore Ave & 132nd St,29
Baltimore Ave & 133rd St,22
Baltimore Ave & 87th St,171
Bell Ave & 95th St,157
Bennett Ave & 79th St,110
Bennett Ave & 96th St,42
Bensley Ave & 103rd St,18
Benson Ave & Church St,4800
Bernard St & Elston Ave,1948
Big Marsh Park,225
Bishop St & 46th St,51
Bissell St & Armitage Ave,18979
Blackstone Ave & Hyde Park Blvd,4290
Bloomingdale Ave & Harlem Ave,213
Blue Island Ave & 18th St,6005
Bosworth Ave & Howard St,805
Bradley Park,62
Brandon Ave & 91st St,64
Brighton Park Branch Chicago Library,13
Broadway & Argyle St,8151
Broadway & Barry Ave,28358
Broadway & Belmont Ave,16016
Broadway & Berwyn Ave,7785
Broadway & Cornelia Ave,20088
Broadway & Granville Ave,7057
Broadway & Ridge Ave,6813
Broadway & Sheridan Rd,13964
Broadway & Thorndale Ave,7119
Broadway & Waveland Ave,20555
Broadway & Wilson - Truman College Vaccination Site,8748
Broadway & Wilson Ave,2007
Buckingham Fountain,8438
Budlong Woods Library,1081
Buffalo Ave & 133rd St,19
Buffalo Ave & 89th St,29
Burling St & Diversey Pkwy,14436
Burnham Greenway & 105th St,249
Burnham Greenway & 112th St,506
Burnham Harbor,10239
California & 16th St,323
California Ave & 21st St,1274
California Ave & 23rd Pl,625
California Ave & 26th St,393
California Ave & 29th St,214
California Ave & 36th St,181
California Ave & Altgeld St,3949
California Ave & Byron St,2507
California Ave & Cortez St,8545
California Ave & Devon Ave - NE,43
California Ave & Devon Ave - NW,23
California Ave & Division St,4736
California Ave & Fletcher St,4059
California Ave & Francis Pl,4635
California Ave & Lake St,856
California Ave & Marquette Rd,289
California Ave & Milwaukee Ave,12613
California Ave & Montrose Ave,3410
California Ave & North Ave,4942
California Ave & Ogden Ave,5
California Ave & Pershing Rd,10
California Ave & Touhy Ave - NW,30
California Ave & Winona St,1333
Calumet Ave & 103rd St,76
Calumet Ave & 18th St,8653
Calumet Ave & 21st St,4150
Calumet Ave & 33rd St,7302
Calumet Ave & 35th St,2368
Calumet Ave & 51st St,1148
Calumet Ave & 71st St,75
Calumet Ave & Garfield Blvd,66
Calumet Park,281
Campbell Ave & 51st St,438
Campbell Ave & Fullerton Ave,3367
Campbell Ave & Irving Park Rd,1067
Campbell Ave & Montrose Ave,3211
Campbell Ave & North Ave,6152
Canal St & Adams St,19917
Canal St & Harrison St,2512
Canal St & Jackson Blvd,10349
Canal St & Madison St,14105
Canal St & Monroe St,11771
Canal St & Taylor St,6727
Cannon Dr & Fullerton Ave,6400
Canty Elementary School,11
Carpenter St & 63rd St,49
Carpenter St & Huron St,9340
Central Ave & Adams St,726
Central Ave & Chicago Ave,468
Central Ave & Congress Pkwy,137
Central Ave & Corcoran Pl,143
Central Ave & George St,140
Central Ave & Harrison St,133
Central Ave & Lake St,239
Central Ave & Madison St,202
Central Ave & North Ave,24
Central Ave & Parker Ave,1577
Central Ave & Roscoe St,964
Central Park & Augusta Blvd,384
Central Park Ave & 24th St,385
Central Park Ave & Bloomingdale Ave,3396
Central Park Ave & Douglas Blvd,217
Central Park Ave & Elbridge Ave,3082
Central Park Ave & Fillmore St,33
Central Park Ave & North Ave,1475
Central Park Ave & Ogden Ave,798
Central Park Ave & Ohio St,563
Central Park Blvd & 5th Ave,170
Central St & Girard Ave,1128
Central St Metra,1129
Champlain Ave & 134th St,35
Chappel Ave & 71st St,32
Chase Ave & Touhy Ave - NE,31
Chase Ave & Touhy Ave - NW,218
Cherry Ave & Blackhawk St,2258
Chicago Ave & Sheridan Rd,4472
Chicago Ave & Washington St,2932
Chicago State University,388
Chopin Park,10
Christiana Ave & 111th St,2
Christiana Ave & 55th St,33
Christiana Ave & Archer Ave,311
Christiana Ave & Belmont Ave,157
Christiana Ave & Bryn Mawr Ave,7
Christiana Ave & Lawrence Ave,2249
Cicero Ave & Altgeld St,24
Cicero Ave & Cortland St - midblock,27
Cicero Ave & Flournoy St,110
Cicero Ave & Grace St,1254
Cicero Ave & Lake St,211
Cicero Ave & Le Moyne St - midblock,12
Cicero Ave & North Ave,61
Cicero Ave & Quincy St,106
Cicero Ave & Roscoe St,40
Cicero Ave & Wellington Ave,186
Cicero Ave & Wrightwood Ave,906
City Rack - Albany Ave & 103rd St,3
Cityfront Plaza Dr & Pioneer Ct,10667
Claremont Ave & 71st St,70
Claremont Ave & Hirsch St,2750
Clarendon Ave & Gordon Ter,12506
Clarendon Ave & Junior Ter,11298
Clarendon Ave & Leland Ave,6941
Clark St & 9th St (AMLI),5113
Clark St & Armitage Ave,27835
Clark St & Berwyn Ave,10871
Clark St & Bryn Mawr Ave,8152
Clark St & Chicago Ave,10646
Clark St & Columbia Ave,2190
Clark St & Drummond Pl,22020
Clark St & Elm St,32995
Clark St & Elmdale Ave,3333
Clark St & Grace St,12833
Clark St & Ida B Wells Dr,5691
Clark St & Jarvis Ave,977
Clark St & Lake St,14632
Clark St & Leland Ave,8855
Clark St & Lincoln Ave,26091
Clark St & Lunt Ave,2904
Clark St & Montrose Ave,5989
Clark St & Newport St,22324
Clark St & North Ave,12509
Clark St & Randolph St,14195
Clark St & Schiller St,18407
Clark St & Schreiber Ave,3114
Clark St & Touhy Ave,948
Clark St & Wellington Ave,16745
Clark St & Winnemac Ave,13893
Clark St & Wrightwood Ave,24631
Clifton Ave & Armitage Ave,10179
Clinton St & 18th St,3121
Clinton St & Jackson Blvd,17363
Clinton St & Lake St,17379
Clinton St & Madison St,25625
Clinton St & Polk St,1123
Clinton St & Roosevelt Rd,8465
Clinton St & Tilden St,4069
Clinton St & Washington Blvd,24505
Clybourn Ave & Division St,7095
Clyde Ave & 87th St,121
Colfax Ave & 83rd St,129
Columbus Dr & Randolph St,15027
Commercial Ave & 100th St,52
Commercial Ave & 130th St,215
Commercial Ave & 83rd St,186
Commercial Ave & 89th St,27
Conservatory Dr & Lake St,882
Constance Ave & 95th St,109
Corliss Ave & 103rd St,1
Corliss Ave & 133rd St,16
Cornell Ave & Hyde Park Blvd,7490
Cornell Dr & Hayes Dr,197
Cottage Grove & 84th St,5
Cottage Grove & 85th St,22
Cottage Grove & 86th St,55
Cottage Grove Ave & 111th Pl,170
Cottage Grove Ave & 111th St,318
Cottage Grove Ave & 43rd St,1281
Cottage Grove Ave & 47th St,1507
Cottage Grove Ave & 51st St,1495
Cottage Grove Ave & 63rd St,1287
Cottage Grove Ave & 67th St,363
Cottage Grove Ave & 71st St,224
Cottage Grove Ave & 75th St,115
Cottage Grove Ave & 78th St,163
Cottage Grove Ave & 83rd St,400
Cottage Grove Ave & 87th St,104
Cottage Grove Ave & 89th Pl,27
Cottage Grove Ave & 91st St,78
Cottage Grove Ave & 92nd St,8
Cottage Grove Ave & 98th St,186
Cottage Grove Ave & Oakwood Blvd,1136
Daley Center Plaza,14348
Damen Ave & 33rd St,190
Damen Ave & 47th St,267
Damen Ave & 51st St,133
Damen Ave & 59th St,243
Damen Ave & 74th St,48
Damen Ave & 80th St,54
Damen Ave & 84th St,2
Damen Ave & Charleston St,5959
Damen Ave & Chicago Ave,11273
Damen Ave & Clybourn Ave,4725
Damen Ave & Cortland St,11925
Damen Ave & Coulter St,805
Damen Ave & Cullerton St,3189
Damen Ave & Division St,9263
Damen Ave & Foster Ave,4406
Damen Ave & Grand Ave,5442
Damen Ave & Leland Ave,4915
Damen Ave & Madison St,2918
Damen Ave & Melrose Ave,3850
Damen Ave & Pershing Rd,447
Damen Ave & Pierce Ave,21382
Damen Ave & Sunnyside Ave,3493
Damen Ave & Thomas St (Augusta Blvd),6797
Damen Ave & Wabansia Ave,8674
Damen Ave & Walnut (Lake) St,3241
Damen Ave & Wellington Ave,4911
Dauphin Ave & 103rd St,165
Dauphin Ave & 87th St,149
Dayton St & North Ave,10923
Dearborn Pkwy & Delaware Pl,20555
Dearborn St & Adams St,8923
Dearborn St & Erie St,25220
Dearborn St & Monroe St,16661
Dearborn St & Van Buren St,6272
Delano Ct & Roosevelt Rd,6902
Desplaines St & Jackson Blvd,10939
Desplaines St & Kinzie St,18728
Desplaines St & Randolph St,10496
Divvy Valet - Oakwood Beach,18
Dodge Ave & Church St,894
Dodge Ave & Main St,555
Dodge Ave & Mulford St,457
Dorchester Ave & 49th St,1004
Dorchester Ave & 63rd St,830
Doty Ave & 111th St,122
Drake Ave & Addison St,1490
Drake Ave & Montrose Ave,1475
Drexel Ave & 87th St,3
DuSable Lake Shore Dr & Belmont Ave,19437
DuSable Lake Shore Dr & Diversey Pkwy,21239
DuSable Lake Shore Dr & Monroe St,38753
DuSable Lake Shore Dr & North Blvd,40923
DuSable Lake Shore Dr & Wellington Ave,18841
DuSable Museum,1056
Dusable Harbor,18378
East End Ave & 75th St,51
East End Ave & 87th St,191
Eastlake Ter & Howard St,237
Eastlake Ter & Rogers Ave,1733
Eberhart Ave & 131st St,59
Eberhart Ave & 61st St,539
Eberhart Ave & 91st St,105
Eckhart Park,8720
Eggleston Ave & 114th St,4
Eggleston Ave & 115th St,4
Eggleston Ave & 69th St,120
Eggleston Ave & 92nd St,145
Eli Whitney Public School,15
Elizabeth (May) St & Fulton St,4828
Elizabeth St & 47th St,107
Elizabeth St & 59th St,54
Elizabeth St & 92nd St,210
Elizabeth St & Fulton St,1381
Ellis Ave & 132nd Pl,35
Ellis Ave & 53rd St,5503
Ellis Ave & 55th St,18405
Ellis Ave & 58th St,9780
Ellis Ave & 60th St,22282
Ellis Ave & 83rd St,181
Elmwood Ave & Austin St,1083
Elston Ave & Cortland St,8558
Elston Ave & George St,5015
Elston Ave & Henderson St,2968
Elston Ave & Wabansia Ave,3481
Emerald Ave & 28th St,2688
Emerald Ave & 31st St,6339
Emerald Ave & 43rd St,65
Emerald Ave & 45th St,121
Evans Ave & 63rd St,434
Evans Ave & 75th St,179
Evanston Civic Center,1111
Ewing Ave & 101st St,18
Ewing Ave & 105th St,9
Ewing Ave & 106th St,28
Ewing Ave & 112th St,15
Ewing Ave & 96th St,21
Ewing Ave & 99th St,13
Ewing Ave & Burnham Greenway,128
Ewing Ave & Indianapolis Ave,25
Exchange Ave & 79th St,226
Fairbanks Ct & Grand Ave,18588
Fairbanks St & Superior St,7778
Fairfield Ave & 44th St,463
Fairfield Ave & Roosevelt Rd,542
Federal St & Polk St,16820
Field Blvd & South Water St,11521
Field Museum,7317
Financial Pl & Ida B Wells Dr,6910
Forrestville Ave & 47th St,490
Fort Dearborn Dr & 31st St,8342
Francisco Ave & 47th St,444
Francisco Ave & Bloomingdale Ave,4076
Francisco Ave & Foster Ave,2383
Francisco Ave & Hollywood Ave,402
Francisco Ave & Montrose Ave,3226
Franklin St & Adams St,9210
Franklin St & Chicago Ave,15072
Franklin St & Illinois St,13405
Franklin St & Jackson Blvd,16356
Franklin St & Lake St,14041
Franklin St & Monroe St,13556
Fullerton & Monitor,1356
Glenwood Ave & Morse Ave,4323
Glenwood Ave & Touhy Ave,1935
Grand Ave & North Ave,30
Green St & 103rd St,37
Green St & Madison Ave,487
Green St & Madison St,21778
Green St & Randolph St,15457
Green St & Washington Blvd,3716
Greenview Ave & Diversey Pkwy,6632
Greenview Ave & Fullerton Ave,12803
Greenview Ave & Jarvis Ave,3167
Greenwood Ave & 47th St,2099
Greenwood Ave & 79th St,118
Greenwood Ave & 87th St,1
Greenwood Ave & 91st St,102
Greenwood Ave & 97th St,153
Greenwood Ave & Lake Park Ave,844
Hale Ave & 107th St,233
Halsted & 63rd - Kennedy-King Vaccination Site,218
Halsted St & 102nd St,46
Halsted St & 104th St,126
Halsted St & 111th St,258
Halsted St & 18th St,3615
Halsted St & 21st St,2006
Halsted St & 35th St,2538
Halsted St & 37th St,546
Halsted St & 41st St,75
Halsted St & 47th Pl,478
Halsted St & 51st St,348
Halsted St & 56th St,101
Halsted St & 59th St,78
Halsted St & 63rd St,182
Halsted St & 64th St,29
Halsted St & 69th St,96
Halsted St & 73rd St,165
Halsted St & 76th St,47
Halsted St & 78th St,191
Halsted St & 80th St,48
Halsted St & 94th St,12
Halsted St & 95th St - SE,10
Halsted St & 95th St - SW,33
Halsted St & 96th St,278
Halsted St & Archer Ave,2355
Halsted St & Clybourn Ave,19541
Halsted St & Dickens Ave,16059
Halsted St & Maxwell St,10342
Halsted St & North Branch St,1729
Halsted St & Polk St,15221
Halsted St & Roosevelt Rd,7892
Halsted St & Roscoe St,20611
Halsted St & Willow St,11344
Halsted St & Wrightwood Ave,19630
Hamilton Ave & 95th St,24
Hamilton Park,75
Hamlin Ave & 62nd Pl,487
Hamlin Ave & Chicago Ave,16
Hamlin Ave & Fullerton Ave,335
Hamlin Ave & Grand Ave,39
Hamlin Ave & Montrose Ave,577
Hampden Ct & Diversey Ave,13821
Harding Ave & 26th St,469
Harding Ave & 47th St,16
Harlem & Irving Park,875
Harlem Ave & Grace St,93
Harold Washington Park,197
Harper Ave & 59th St,5147
Harper Ave & 63rd St,375
Harriet E Sayre Public School,29
Harvard Ave & 103rd St,23
Harvard Ave & 119th St,16
Harvey Ave & North Ave,147
Hegewisch Metra Station,74
Hermitage Ave & Polk St,5359
Hiawatha Park,435
Homan Ave & 111th St,14
Homan Ave & 26th St,186
Homan Ave & 65th St,336
Homan Ave & Fillmore St,665
Homewood Ave & 115th St,202
Homewood Ave & Monterey Ave,46
Honore St & 87th St - SE,13
Honore St & Division St,11349
Houston Ave & 91st St,75
Houston Ave & 92nd St,176
Hoyne Ave & 110th Pl,26
Hoyne Ave & 34th St,446
Hoyne Ave & 47th St,380
Hoyne Ave & Balmoral Ave,2330
Humboldt Blvd & Armitage Ave,5166
Hyde Park Blvd & 53rd St,399
Hyde Park Blvd & 55th St,1357
Indiana Ave & 103rd St,137
Indiana Ave & 133rd St,14
Indiana Ave & 26th St,2432
Indiana Ave & 31st St,3676
Indiana Ave & 40th St,343
Indiana Ave & Roosevelt Rd,24719
Ingleside Ave & 79th St,250
James Madison School,4
Jefferson St & Monroe St,8024
Jeffery Blvd & 67th St,741
Jeffery Blvd & 71st St,558
Jeffery Blvd & 76th St,204
Jeffery Blvd & 83rd St,22
Jeffrey Blvd & 71st St,122
Jonathan Y Scammon Public School,137
Justine St & 87th St,25
Karlov Ave & Kamerling Ave,78
Karlov Ave & Madison St,132
Karlov Ave & Milwaukee Ave,16
Kedvale Ave & 63rd St,19
Kedvale Ave & Addison St,11
Kedvale Ave & Avondale Ave,530
Kedzie & 103rd St - East,16
Kedzie & 103rd St - West,6
Kedzie Ave & 104th St,75
Kedzie Ave & 110th St,119
Kedzie Ave & 21st St,524
Kedzie Ave & 24th St,307
Kedzie Ave & 45th St,301
Kedzie Ave & 48th Pl,1276
Kedzie Ave & 52nd St,239
Kedzie Ave & 54th St - SE,86
Kedzie Ave & 54th St - SW,76
Kedzie Ave & 57th St,815
Kedzie Ave & 58th St,88
Kedzie Ave & 61st Pl,158
Kedzie Ave & 63rd St,217
Kedzie Ave & 64th St - SE,10
Kedzie Ave & 64th St - SW,46
Kedzie Ave & Archer Ave,41
Kedzie Ave & Argyle St,575
Kedzie Ave & Bryn Mawr Ave,1105
Kedzie Ave & Chicago Ave,1016
Kedzie Ave & Foster Ave,1239
Kedzie Ave & George St,5143
Kedzie Ave & Harrison St,212
Kedzie Ave & Lake St,883
Kedzie Ave & Leland Ave,1841
Kedzie Ave & Milwaukee Ave,14741
Kedzie Ave & Palmer Ct,4338
Kedzie Ave & Pershing Rd,37
Kedzie Ave & Roosevelt Rd,371
Keeler Ave & 26th St,2
Keeler Ave & 55th St,20
Keeler Ave & Madison St,62
Keeler Ave & Roosevelt Rd,235
Kenneth Ave & 50th St,238
Kenneth Ave & 63rd St,30
Kenosha & Wellington,1856
Kenton Ave & Madison St,101
Kenton Ave & Palmer St,164
Keystone Ave & Fullerton Ave,1362
Keystone Ave & Irving Park Rd,77
Keystone Ave & Montrose Ave,1099
Keystone Ave & North Ave,586
Kilbourn & Belden,1018
Kilbourn & Roscoe,1642
Kilbourn Ave & Fullerton Ave,10
Kilbourn Ave & Irving Park Rd,478
Kilbourn Ave & Milwaukee Ave,433
Kildare & Cermak,199
Kildare Ave & 26th St,92
Kildare Ave & 47th St,349
Kildare Ave & 55th St,363
Kildare Ave & 63rd St,35
Kildare Ave & Chicago Ave,173
Kildare Ave & Division Ave,20
Kildare Ave & Division St,188
Kildare Ave & Montrose Ave,793
Kildare Ave & Washignton Blvd,72
Kilpatrick Ave & Grand Ave,735
Kilpatrick Ave & Parker Ave,1261
Kimball Ave & Belmont Ave,2429
Kimball Ave & Carmen Ave,80
Kimbark Ave & 53rd St,14860
Kimbark Ave & 63rd St,110
Kimbark Ave & 67th St,273
King Dr & 83rd St,15
Kingsbury St & Erie St,16257
Kingsbury St & Kinzie St,31218
Knox Ave & Montrose Ave,1039
Kolin Ave & Archer Ave,47
Komensky Ave & 31st St,479
Komensky Ave & 55th St,515
Komensky Ave & 59th St,85
Kosciuszko Park,2924
Kostner Ave & 63rd St,403
Kostner Ave & Adams St,319
Kostner Ave & Armitage Ave,404
Kostner Ave & Lake St,139
Kostner Ave & North Ave,22
Kostner Ave & Wrightwood Ave,790
La Villita Park (Albany/30th),165
LaSalle Dr & Huron St,11420
LaSalle St & Adams St,4679
LaSalle St & Illinois St,22931
LaSalle St & Jackson Blvd,13115
LaSalle St & Washington St,8562
Lafayette Ave & 119th St,8
Lafayette Ave & 87th St - NW,178
Lafayette Ave & 87th St - SW,44
Lafayette Ave & 95th St,124
Laflin St & 51st St,150
Laflin St & 79th St,12
Laflin St & Cullerton St,3045
Lake Park Ave & 35th St,2549
Lake Park Ave & 44th St,1333
Lake Park Ave & 47th St,3200
Lake Park Ave & 53rd St,6998
Lake Park Ave & 56th St,7262
Lakefront Trail & Bryn Mawr Ave,13074
Lakefront Trail & Wilson Ave,8382
Lakeview Ave & Fullerton Pkwy,21100
Lamon Ave & Armitage Ave,925
Lamon Ave & Belmont Ave,1979
Lamon Ave & Chicago Ave,727
Langley Ave & 105th Pl,113
Langley Ave & 79th St,199
Laramie Ave & Belmont Ave,56
Laramie Ave & Fullerton Ave,106
Laramie Ave & Gladys Ave,60
Laramie Ave & Grand Ave,50
Laramie Ave & Kinzie St,176
Laramie Ave & Madison St,206
Laramie Ave & Warwick Ave,15
Larrabee St & Armitage Ave,8490
Larrabee St & Division St,10675
Larrabee St & Kingsbury St,17849
Larrabee St & Menomonee St,5466
Larrabee St & North Ave,6552
Larrabee St & Oak St,7327
Larrabee St & Webster Ave,21495
Latrobe Ave & Chicago Ave,201
Latrobe Ave & Lake St,303
Lavergne & Fullerton,1620
Lavergne Ave & 46th St,166
Lavergne Ave & Division St,269
Lawler Ave & 50th St,399
Lawndale Ave & 111th St,189
Lawndale Ave & 16th St,111
Lawndale Ave & 30th St,464
Lawndale Ave & Diversey Ave,1810
Lawndale Ave & Polk St,39
Lawrence Ave & 103rd St,82
Leamington Ave & Hirsch St,591
Leavitt St & Addison St,3128
Leavitt St & Archer Ave,1087
Leavitt St & Armitage Ave,5338
Leavitt St & Belmont Ave,4604
Leavitt St & Chicago Ave,5059
Leavitt St & Division St,4142
Leavitt St & Lawrence Ave,2669
Leavitt St & North Ave,6347
Legler Regional Library,185
Lincoln Ave & Addison St,3637
Lincoln Ave & Balmoral Ave,2434
Lincoln Ave & Belle Plaine Ave,5849
Lincoln Ave & Belmont Ave,8816
Lincoln Ave & Diversey Pkwy,14702
Lincoln Ave & Fullerton Ave,20009
Lincoln Ave & Peterson Ave,1293
Lincoln Ave & Roscoe St,10735
Lincoln Ave & Sunnyside Ave,5693
Lincoln Ave & Waveland Ave,4675
Lincoln Ave & Winona St,2713
Lincoln Park Conservatory,11864
Lincolnwood Dr & Central St,616
Linder Ave & Archer Ave,31
Linder Ave & Belmont Ave,10
Lockwood Ave & Wrightwood Ave,2035
Logan Blvd & Elston Ave,6554
Long & Irving Park,1634
Long Ave & Belden Ave,1289
Long Ave & Belmont Ave,754
Long Ave & North Ave,739
Longwood Dr & 111th St,5
Longwood Dr & 95th St,84
Loomis Blvd & 84th St,127
Loomis St & 87th St,157
Loomis St & 89th St,135
Loomis St & Archer Ave,1433
Loomis St & Jackson Blvd,5953
Loomis St & Lexington St,21443
Lorel Ave & Chicago Ave,29
Lowe Ave & 98th St,3
Lowe Park,20
Lowell Ave & Elston Ave,177
MLK Jr Dr & 29th St,8087
MLK Jr Dr & 47th St,559
MLK Jr Dr & 56th St,282
MLK Jr Dr & 63rd St,443
MLK Jr Dr & 83rd St,159
MLK Jr Dr & Pershing Rd,1236
MTV Hubbard St,2407
Mackinaw Ave & 106th St,8
Mackinaw Ave & 108th St,13
Mackinaw Ave & 85th St,13
Major Ave & Bloomingdale Ave,345
Major Taylor Trail & 115th St,134
Major Taylor Trail & 124th St,96
Malcolm X College,416
Malcolm X College Vaccination Site,1403
Manor Ave & Leland Ave,2078
Maplewood Ave & 59th St,185
Maplewood Ave & Peterson Ave,780
Marine Dr & Ainslie St,7076
Marquette Ave & 79th St,165
Marquette Ave & 83rd St,24
Marquette Ave & 89th St,148
Marshfield Ave & 44th St,337
Marshfield Ave & 45th St,94
Marshfield Ave & 59th St,60
Marshfield Ave & 87th St,11
Martin Luther King Dr & 111th St,152
Martin Luther King Dr & 44th St,37
Martin Luther King Dr & 69th St,42
Maryland Ave & 104th St,336
Maryland Ave & 87th ST,9
Mason Ave & Belmont Ave,406
Mason Ave & Roosevelt Rd,27
May St & 63rd St,80
May St & 69th St,213
May St & 78th St,1
May St & Cullerton St,2699
May St & Taylor St,12732
Mayfield & Roosevelt Rd,158
McClurg Ct & Erie St,14607
McClurg Ct & Ohio St,20024
McCormick Blvd & Devon Ave,136
McCormick Place,5746
McVicker Ave & Grand Ave,22
Meade Ave & Addison St,526
Meade Ave & Diversey Ave,514
Melvina Ave & Belmont Ave,32
Menard Ave & Adams Blvd,27
Menard Ave & Agusta Blvd,45
Menard Ave & Belmont Ave,5
Menard Ave & Dakin St - midblock,353
Menard Ave & Division St,207
Menard Ave & Grand Ave,44
Menard Ave & Madison St,152
Menard Ave & North Ave,177
Michele Clark Magnet High School,71
Michigan Ave & 102nd St,18
Michigan Ave & 110th St,38
Michigan Ave & 113th St,35
Michigan Ave & 114th St,78
Michigan Ave & 119th St,5
Michigan Ave & 14th St,11331
Michigan Ave & 18th St,9136
Michigan Ave & 71st St,125
Michigan Ave & 8th St,14780
Michigan Ave & 96th St,100
Michigan Ave & Ida B Wells Dr,7306
Michigan Ave & Jackson Blvd,11930
Michigan Ave & Lake St,20773
Michigan Ave & Madison St,10057
Michigan Ave & Oak St,38652
Michigan Ave & Pearson St,10118
Michigan Ave & Washington St,23007
Midway Orange Line,345
Mies van der Rohe Way & Chestnut St,14774
Mies van der Rohe Way & Chicago Ave,14596
Millard Ave & 26th St,482
Millennium Park,33972
Milwaukee Ave & Addison St,371
Milwaukee Ave & Cuyler Ave,814
Milwaukee Ave & Diversey Ave,622
Milwaukee Ave & Fullerton Ave,9525
Milwaukee Ave & Grand Ave,14141
Milwaukee Ave & Haussen Ct,936
Milwaukee Ave & Rockwell St,4478
Milwaukee Ave & School St,901
Milwaukee Ave & Wabansia Ave,12099
Milwaukee Ave & Waveland Ave,10
Monticello Ave & Belmont Ave,211
Monticello Ave & Chicago Ave,368
Monticello Ave & Irving Park Rd,1607
Montrose Harbor,19003
Morgan Ave & 14th Pl,4687
Morgan St & 103rd St,39
Morgan St & 18th St,5655
Morgan St & 31st St,3448
Morgan St & 87th St,162
Morgan St & 95th St,71
Morgan St & Lake St,15682
Morgan St & Pershing Rd,209
Morgan St & Polk St,14840
Mozart Elementary School,1777
Mozart St & Jackson Blvd,341
Mt Greenwood Library - North,2
Mt Greenwood Library - South,16
Mulligan Ave & Wellington Ave,850
Museum of Science and Industry,4413
Muskegon Ave & 89th St,11
N Carpenter St & W Lake St,4595
N Clark St & W Elm St,13052
N Damen Ave & W Chicago Ave,4869
N Green St & W Lake St,14248
N Narragansett Ave & Grand Ave,165
N Paulina St & Lincoln Ave,6122
N Sayre Ave & W Belden Ave,12
N Sheffield Ave & W Wellington Ave,13895
N Shore Channel Trail & Argyle Ave,12
N Shore Channel Trail & Argyle St,1619
N Southport Ave & W Newport Ave,6128
Nagle Ave & Belmont Ave,82
Narragansett & Irving Park,941
Narragansett & McLean,516
Narragansett & Wrightwood,3124
Narragansett Ave & Fullerton Ave,316
Narragansett Ave & School St,627
Neva Ave & Grand Ave,76
New England Ave & Grace St,73
New St & Illinois St,20285
Newcastle Ave & Belden Ave,213
Newcastle Ave & Belmont Ave,18
Newcastle Ave & Wellington Ave,1
Newland Ave & Diversey Ave,15
Noble St & Milwaukee Ave,7907
Nordica & Medill,301
Nordica Ave & Addison St,40
Normal Ave & 72nd St,9
Normal Ave & Archer Ave,1120
Normal Blvd & 61st Pl,1
North Ave & New England Ave,112
Oak Park & Wellington,507
Oakley Ave & Irving Park Rd,2659
Oakley Ave & Touhy Ave,627
Ogden Ave & Chicago Ave,11402
Ogden Ave & Congress Pkwy,3149
Ogden Ave & Race Ave,9542
Ogden Ave & Roosevelt Rd,1867
Oglesby Ave & 100th St,94
Oglesby Ave & 95th St,87
Oketo Ave & Addison St,200
Oketo Ave & Belmont Ave,16
Oleander Ave & Addison St,7
Olive Harvey College,111
Orange & Addison,557
Orleans St & Chestnut St (NEXT Apts),8348
Orleans St & Elm St,4862
Orleans St & Hubbard St,8262
Orleans St & Merchandise Mart Plaza,15024
Orville T Bright School,12
Ozark Ave & Addison St,100
Panama Ave & Forest Preserve Ave,1
Panama Ave & Grace St,61
Park Manor Elementary School,182
Parkside Ave & Armitage Ave,49
Parnell Ave & 103rd St,20
Parnell Ave & 119th St,222
Parnell Ave & 98th St,5
Paul Revere Elementary School,52
Paulina Ave & North Ave,8424
Paulina St & 18th St,4854
Paulina St & Flournoy St,8827
Paulina St & Howard St,2396
Paulina St & Montrose Ave,3706
Penn Elementary School / KIPP Ascend Middle School,2
Peoria St & Jackson Blvd,16423
Percy Julian HS,1
Perry Ave & 108th Pl,163
Perry Ave & 69th St,264
Phillips Ave & 79th St,321
Phillips Ave & 83rd St,134
Pine Grove Ave & Irving Park Rd,14304
Pine Grove Ave & Waveland Ave,18313
Ping Tom Park (East),1163
Piotrowski Park,4
Pittsburgh Ave & Irving Park,12
Plainfield & Irving Park,90
Plainfield Ave & Irving Park Rd,5
Prairie Ave & 43rd St,929
Prairie Ave & 47th St - midblock,338
Prairie Ave & Garfield Blvd,1438
Princeton Ave & 43rd St,110
Princeton Ave & 47th St,649
Princeton Ave & Garfield Blvd,356
Prospect Sq & 91st St,200
Pubic Rack - Pulaski Rd & 41st,23
Public  Rack - Albany Ave & 63rd St,41
Public Rack - 10101 S Stony Island Ave,1
Public Rack - 10557 S Western Ave,13
Public Rack - 111th St - Morgan Park Metra,14
Public Rack - 532 E 43rd St,58
Public Rack - 53rd St & Indiana Ave,2
Public Rack - 63rd & Western Ave N,14
Public Rack - 63rd & Western Ave S,25
Public Rack - 83rd St (Avalon Park) Metra,2
Public Rack - Abbott Park,8
Public Rack - Ada St & 79th St,10
Public Rack - Aida Food Market,9
Public Rack - Al Raby School,244
Public Rack - Albany Ave & 111th St - NW,3
Public Rack - Ashland Ave & 45th St,50
Public Rack - Ashland Ave & 45th St  S,50
Public Rack - Ashland Ave & 63rd St,80
Public Rack - Ashland Ave & 71st St,21
Public Rack - Ashland Ave & 74th St,1
Public Rack - Ashland Ave & 76th St,35
Public Rack - Ashland Ave & 83rd St,7
Public Rack - Ashland Ave & 91st St,69
Public Rack - Austin Ave & Roscoe St,237
Public Rack - Austin Ave & Wellington Ave,38
Public Rack - Austin Ave & Wellington Ave - midblock,15
Public Rack - Austin Ave & Wrightwood Ave,178
Public Rack - Austin Blvd & North Ave,148
Public Rack - Austin Branch Chicago Public Library,15
Public Rack - Ave L & 105th St,2
Public Rack - Ave N & 106th St,2
Public Rack - Avenue J & 102nd St,2
Public Rack - Avenue J & 112th St,1
Public Rack - Avers Ave & Archer Ave,10
Public Rack - Avers Ave & Irving Park Rd,581
Public Rack - Avers Ave & Ogden Ave,78
Public Rack - Avondale Ave & Addison St,456
Public Rack - Baltimore Ave & 132nd St,7
Public Rack - Bell Ave & 95th St,3
Public Rack - Bensley Ave & 103rd St,2
Public Rack - Bishop St & 81st St,28
Public Rack - Brainerd Park,106
Public Rack - Brandon Ave & 91st St,28
Public Rack - Brighton Park Branch Chicago Library,11
Public Rack - Buffalo Ave & 133rd St,2
Public Rack - Buffalo Ave & 89th St,4
Public Rack - Burnside Academy,8
Public Rack - California Ave & Cortez St,2114
Public Rack - California Ave & Devon Ave - NE,53
Public Rack - California Ave & Devon Ave - NW,105
Public Rack - California Ave & Ogden Ave,96
Public Rack - California Ave & Pershing Rd,16
Public Rack - California Ave & Touhy Ave - NW,90
Public Rack - California Ave & Touhy Ave - SW,17
Public Rack - California Ave & Touhy Ave - midblock,1
Public Rack - Calumet Ave & 51st St,131
Public Rack - Calumet Ave & Garfield Blvd,2
Public Rack - Campbell Ave & Pratt Blvd,284
Public Rack - Canty Elementary School,1
Public Rack - Central Ave & Congress Pkwy,4
Public Rack - Central Ave & Corcoran Pl,75
Public Rack - Central Ave & George St,135
Public Rack - Central Ave & North Ave,47
Public Rack - Central Park Ave & 16th St,5
Public Rack - Central Park Ave & Fillmore St,29
Public Rack - Central Park Ave & Fulton Blvd,8
Public Rack - Central Park Ave & Ogden Ave,69
Public Rack - Champlain Ave & 134th St,2
Public Rack - Champlain Ave & 65th St,119
Public Rack - Chappel Ave & 71st St,2
Public Rack - Chase Ave & Touhy Ave - NE,96
Public Rack - Chase Ave & Touhy Ave - NW,39
Public Rack - Chopin Park,106
Public Rack - Christiana Ave & 111th St,1
Public Rack - Christiana Ave & 55th St,5
Public Rack - Christiana Ave & Archer Ave,150
Public Rack - Christiana Ave & Belmont Ave,739
Public Rack - Christiana Ave & Bryn Mawr Ave,61
Public Rack - Christiana Ave & Lawrence Ave,241
Public Rack - Cicero Ave & Altgeld St,166
Public Rack - Cicero Ave & Cortland St - midblock,98
Public Rack - Cicero Ave & Le Moyne St - midblock,42
Public Rack - Cicero Ave & North Ave,296
Public Rack - Cicero Ave & Roscoe St,242
Public Rack - Cicero Ave & Wellington Ave,107
Public Rack - Cicero Ave & Wrightwood Ave,840
Public Rack - Claremont Ave & 71st St,10
Public Rack - Clyde Ave & 87th St,77
Public Rack - Colfax Ave & 83rd St,15
Public Rack - Commercial Ave & 89th St,1
Public Rack - Corliss Ave & 133rd St,1
Public Rack - Cornell Ave & 87th Pl,52
Public Rack - Cottage Grove & 85th St,19
Public Rack - Cottage Grove & 86th St,12
Public Rack - Cottage Grove Ave & 111th St,1
Public Rack - Cottage Grove Ave & 87th St,18
Public Rack - Cottage Grove Ave & 89th Pl,1
Public Rack - Cottage Grove Ave & 92nd St,11
Public Rack - Cottage Grove Ave & 98th St,39
Public Rack - Crandon Ave & 80th St,4
Public Rack - Damen Ave & 47th St,10
Public Rack - Damen Ave & 80th St,35
Public Rack - Division St & Christiana Ave,176
Public Rack - Drake Ave & Leland Ave,581
Public Rack - East End Ave & 75th St,81
Public Rack - East End Ave & 87th St,44
Public Rack - Eberhart Ave & 61st St,194
Public Rack - Eggleston Ave & 115th St,11
Public Rack - Eli Whitney Public School,93
Public Rack - Emerald Ave & 43rd St,8
Public Rack - Emerald Ave & 45th St,25
Public Rack - Evans Ave & 63rd St,171
Public Rack - Ewing Ave & 102nd St,2
Public Rack - Ewing Ave & 105th St,5
Public Rack - Ewing Ave & 106th St,4
Public Rack - Ewing Ave & 106th St NW,10
Public Rack - Ewing Ave & 107th St,11
Public Rack - Ewing Ave & 95th St,5
Public Rack - Ewing Ave & 96th St N,18
Public Rack - Ewing Ave & 96th St S,6
Public Rack - Ewing Ave & 99th St,2
Public Rack - Exchange Ave & 73rd Pl,264
Public Rack - Fairfield Ave & 63rd St,40
Public Rack - Forrestville Ave & 47th St,104
Public Rack - Foster Ave & Drake Ave,44
Public Rack - Francisco Ave & Touhy Ave,8
Public Rack - Fullerton Ave & Lavergne Ave,97
Public Rack - Fullerton Ave & Narragansett Ave,198
Public Rack - Garfield Park Conservatory,7
Public Rack - Grand Ave & Lawndale Ave,4
Public Rack - Grand Ave & North Ave,175
Public Rack - Green St & 103rd St,26
Public Rack - Greenwood Ave & Lake Park Ave,99
Public Rack - Halsted St & 102nd St,2
Public Rack - Halsted St & 109th St,152
Public Rack - Halsted St & 111th St,9
Public Rack - Halsted St & 113th St,1
Public Rack - Halsted St & 63rd St,7
Public Rack - Halsted St & 64th St,40
Public Rack - Halsted St & 76th St,9
Public Rack - Halsted St & 95th St - SE,6
Public Rack - Halsted St & 95th St - SW,8
Public Rack - Hamilton Ave & 95th St,45
Public Rack - Hamlin Ave & Chicago Ave,32
Public Rack - Hamlin Ave & Fullerton Ave,1896
Public Rack - Hamlin Ave & Grand Ave,221
Public Rack - Hamlin Ave & Madison St,275
Public Rack - Hamlin Ave & Montrose Ave,544
Public Rack - Harding Ave & 47th St,9
Public Rack - Harold Washington Park,151
Public Rack - Harper Ave & 63rd St,49
Public Rack - Harriet E Sayre Public School,17
Public Rack - Harvard Ave & 103rd St,5
Public Rack - Harvard Ave & 119th St,1
Public Rack - Harvey Ave & North Ave,79
Public Rack - Hiawatha Park,53
Public Rack - Homan Ave & 111th St,3
Public Rack - Homan Ave & 26th St,248
Public Rack - Homan Ave & Lake St,615
Public Rack - Homan Ave & Roosevelt,20
Public Rack - Houston Ave & 130th St,9
Public Rack - Hoyne Ave & 110th Pl,37
Public Rack - Hoyne Ave & 51st St,7
Public Rack - Hyde Park Blvd & 53rd St,75
Public Rack - Hyde Park Blvd & 55th St,204
Public Rack - Independence Blvd & Roosevelt,8
Public Rack - Jeffery Blvd & 67th St,8
Public Rack - Jeffery Blvd & 81st St,93
Public Rack - Jeffery Blvd & 83rd St,17
Public Rack - Jeffrey Blvd & 71st St,87
Public Rack - Jensen Park,225
Public Rack - Jonathan Y Scammon Public School,396
Public Rack - Karlov Ave & 26th St,8
Public Rack - Karlov Ave & Kamerling Ave,303
Public Rack - Karlov Ave & Milwaukee Ave,287
Public Rack - Kedvale Ave & 26th St,6
Public Rack - Kedvale Ave & 63rd St,10
Public Rack - Kedvale Ave & 63rd St E,2
Public Rack - Kedvale Ave & 63rd St W,6
Public Rack - Kedvale Ave & Addison St,31
Public Rack - Kedvale Ave & Avondale Ave,280
Public Rack - Kedzie & 103rd St - East,9
Public Rack - Kedzie & 103rd St - W,8
Public Rack - Kedzie Ave & 54th Pl,7
Public Rack - Kedzie Ave & 54th St - SE,34
Public Rack - Kedzie Ave & 54th St - SW,6
Public Rack - Kedzie Ave & 58th St,36
Public Rack - Kedzie Ave & 60th St,9
Public Rack - Kedzie Ave & 61st Pl,6
Public Rack - Kedzie Ave & 61st Pl E,54
Public Rack - Kedzie Ave & 61st Pl W,78
Public Rack - Kedzie Ave & 62nd Pl,76
Public Rack - Kedzie Ave & 63rd St,24
Public Rack - Kedzie Ave & 64th St - SE,8
Public Rack - Kedzie Ave & 64th St - SW,26
Public Rack - Kedzie Ave & Archer Ave,43
Public Rack - Kedzie Ave & Argyle St,488
Public Rack - Kedzie Ave & Arthington St,8
Public Rack - Kedzie Ave & Chicago Ave,1958
Public Rack - Kedzie Ave & Pershing Rd,7
Public Rack - Kedzie Ave & Walnut St,46
Public Rack - Keef Ave & South Chicago Ave,24
Public Rack - Keeler Ave & 26th St,5
Public Rack - Keeler Ave & 55th St,27
Public Rack - Kenneth Ave & 63rd St E,35
Public Rack - Kenneth Ave & 63rd St W,5
Public Rack - Kenton Ave & Palmer St,262
Public Rack - Keystone Ave & Irving Park Rd,442
Public Rack - Keystone Ave & North Ave,429
Public Rack - Kilbourn Ave & Fullerton Ave,164
Public Rack - Kildare Ave & 63rd St,1
Public Rack - Kildare Ave & Division Ave,4
Public Rack - Kildare Ave & Division St,384
Public Rack - Kildare Ave & North Ave,27
Public Rack - Kildare Ave & Washignton Blvd,2
Public Rack - Kimball Ave & Carmen Ave,88
Public Rack - Kimbark Ave & 63rd St,136
Public Rack - Kimbark Ave & 67th St,137
Public Rack - King Dr & 115th St,132
Public Rack - King Dr & 71st St,54
Public Rack - King Dr & 83rd St,9
Public Rack - King Dr & Oakwood Blvd,488
Public Rack - Kingston Ave & 75th St,52
Public Rack - Kolin Ave & Archer Ave,14
Public Rack - Komensky Ave & 26th St,17
Public Rack - Komensky Ave & 59th St,1
Public Rack - Komensky Ave & 63rd St,15
Public Rack - Kostner Ave & 16th St,11
Public Rack - Kostner Ave & Armitage Ave,373
Public Rack - Kostner Ave & Diversey Ave,149
Public Rack - Kostner Ave & Lake St,7
Public Rack - Kostner Ave & North Ave,72
Public Rack - Kostner Ave & Wrightwood Ave,17
Public Rack - La Moyne Ave and Leamington Ave,12
Public Rack - Lafayette Ave & 87th St SW,12
Public Rack - Lafayette Ave & 95th St,207
Public Rack - Laflin St & 51st St,24
Public Rack - Laflin St &51st ST,32
Public Rack - Lake Park Ave & 47th St,174
Public Rack - Lake Shore Dr & Hayes Dr,372
Public Rack - Lamon Ave & Erie St,261
Public Rack - Langley Ave & 49th St,168
Public Rack - Langley Ave & 79th St,60
Public Rack - Langley Ave & 87th St,3
Public Rack - Langley Ave & Oakwood Blvd,6
Public Rack - Laporte Ave & Armitage Ave,23
Public Rack - Laramie Ave & Belmont Ave,194
Public Rack - Laramie Ave & Fullerton Ave,195
Public Rack - Laramie Ave & Grand Ave,103
Public Rack - Laramie Ave & Warwick Ave,62
Public Rack - Latrobe Ave & Lake St,151
Public Rack - Lawndale & 63rd St,6
Public Rack - Lawndale Ave & 23rd St,31
Public Rack - Lawndale Ave & 63rd St,48
Public Rack - Lawndale Ave & Diversey Ave,2588
Public Rack - Lawndale Ave & Polk St,34
Public Rack - Lawrence Ave & 103rd St,8
Public Rack - Leclaire Ave & Division St,107
Public Rack - Legler Regional Library,86
Public Rack - Linder Ave & Belmont Ave,67
Public Rack - Lockwood Ave & Diversey Ave,465
Public Rack - Longwood Dr & 111th St,4
Public Rack - Longwood Dr & 95th St,20
Public Rack - Loomis Blvd & 47th St,5
Public Rack - Loomis Blvd & 83rd St,2
Public Rack - Loomis St & 87th St,57
Public Rack - Lorel Ave & Chicago Ave,35
Public Rack - Lorel Ave & Grand Ave,249
Public Rack - Lotus Ave & Harrison St,6
Public Rack - Lowe Ave & 98th St,9
Public Rack - Lowell Ave & Elston Ave,369
Public Rack - Mackinaw Ave & 106th St,1
Public Rack - Mackinaw Ave & 108th St,3
Public Rack - Maplewood Ave & 47th St,9
Public Rack - Maplewood Ave & 63rd St,12
Public Rack - Marquette Rd & 67th St,75
Public Rack - Marshfield Ave & 45th St,13
Public Rack - Marshfield Ave & 87th St,4
Public Rack - Martin Luther King Dr & 44th St,44
Public Rack - Martin Luther King Dr & 69th St,14
Public Rack - May St & 63rd St,2
Public Rack - May St & 78th St,12
Public Rack - May St & 87th St,22
Public Rack - McCormick Blvd & Devon Ave,416
Public Rack - McVicker Ave & Grand Ave,46
Public Rack - Melvina Ave & Belmont Ave,100
Public Rack - Menard Ave & Adams Blvd,30
Public Rack - Menard Ave & Agusta Blvd,14
Public Rack - Menard Ave & Belmont Ave,18
Public Rack - Menard Ave & Dakin St - midblock,309
Public Rack - Menard Ave & Grand Ave,101
Public Rack - Menard Ave & Madison St,35
Public Rack - Michele Clark Magnet High School,67
Public Rack - Michigan Ave & 107th St,151
Public Rack - Michigan Ave & 113th St,20
Public Rack - Michigan Ave & 119th St,1
Public Rack - Midway Orange Line,170
Public Rack - Milwaukee Ave & Addison St,390
Public Rack - Milwaukee Ave & Diversey Ave,2305
Public Rack - Milwaukee Ave & Haussen Ct,738
Public Rack - Milwaukee Ave & School St,775
Public Rack - Milwaukee Ave & Waveland Ave,16
Public Rack - Monticello Ave & Belmont Ave,614
Public Rack - Morgan St & 87th St,6
Public Rack - Morgan St & 95th St,3
Public Rack - Mozart Elementary School,740
Public Rack - Mt Greenwood Library N,3
Public Rack - N Narragansett Ave & Grand Ave,111
Public Rack - N Sayre Ave & W Belden Ave,7
Public Rack - Nagle Ave & Belmont Ave,132
Public Rack - Narragansett Ave & Fullerton Ave,144
Public Rack - Neva Ave & Grand Ave,11
Public Rack - Newcastle Ave & Belmont Ave,14
Public Rack - Newcastle Ave & Wellington Ave,4
Public Rack - Nordica Ave & Addison St,36
Public Rack - Normal Ave & 111th St,23
Public Rack - Oakley Ave & 50th Pl,2
Public Rack - Oketo Ave & Belmont Ave,22
Public Rack - Oleander Ave & Addison St,2
Public Rack - Ozark Ave & Addison St,15
Public Rack - Parnell Ave & 103rd St,8
Public Rack - Paul Revere Elementary School,5
Public Rack - Paxton Ave & 79th St,177
Public Rack - Penn Elementary School / KIPP Ascend Middle School,63
Public Rack - Percy Julian HS,8
Public Rack - Perry Ave & 108th Pl,6
Public Rack - Perry Ave & 111th St,3
Public Rack - Peterson Ave & Bernard Ave,14
Public Rack - Peterson Ave & Drake Ave,10
Public Rack - Piotrowski Park,3
Public Rack - Prairie Ave & 47th St,123
Public Rack - Prairie Ave & Garfield Blvd,87
Public Rack - Prairie Ave & Garfield Blvd N,47
Public Rack - Pulaski & 52nd,14
Public Rack - Pulaski Rd & 15th St,56
Public Rack - Pulaski Rd & 40th St,2
Public Rack - Pulaski Rd & 44th St,148
Public Rack - Pulaski Rd & 51st Rd,11
Public Rack - Pulaski Rd & 5th Ave,19
Public Rack - Pulaski Rd & 65th St,270
Public Rack - Pulaski Rd & Armitage Ave,879
Public Rack - Pulaski Rd & Flournoy St,6
Public Rack - Pulaski Rd & Fullerton Ave,399
Public Rack - Pulaski Rd & Grenshaw St,10
Public Rack - Pulaski Rd & Lake St,232
Public Rack - Pulaski Rd & Polk St,6
Public Rack - Pulaski Rd & Roosevelt Rd,44
Public Rack - Pullman - Planet Fitness,11
Public Rack - Pullman - Walmart,58
Public Rack - Pullman Community Center,7
Public Rack - Racine Ave & 109th Pl,113
Public Rack - Racine Ave & 74th St,27
Public Rack - Racine Ave & 76th,2
Public Rack - Richmond St & Thorndale Ave,13
Public Rack - Robert Fulton Elementary School,55
Public Rack - Rockwell & 111th St,36
Public Rack - Rockwell & Division,7643
Public Rack - Rockwell Ave & Touhy Ave,170
Public Rack - Roscoe St & Osceola Ave,2
Public Rack - Roswell B. Mason Elementary School,45
Public Rack - Rutherford Ave & Belmont Ave,2
Public Rack - Sacramento Ave & Devon Ave,186
Public Rack - Sacramento Ave & Greenleaf Ave,63
Public Rack - Sacramento Blvd & Division St,31
Public Rack - Saginaw Ave & 93rd St,55
Public Rack - Sangamon St & 79th St,2
Public Rack - Sawyer Ave & Bryn Mawr Ave - SE,17
Public Rack - Sawyer Ave & Bryn Mawr Ave - SW,48
Public Rack - Sawyer Ave & Chicago Ave,128
Public Rack - Sawyer Ave & Lawrence Ave,156
Public Rack - Senka "Edward Duke" Park,3
Public Rack - South Shore Dr & 71st St,127
Public Rack - Spaulding Ave & Bryn Mawr Ave,181
Public Rack - Spaulding Ave & Evergreen Ave,1241
Public Rack - Spaulding Ave & Foster Ave,152
Public Rack - Spaulding Ave & North Ave,1200
Public Rack - Spencer Elementary Technology Academy,239
Public Rack - Springfield Ave & 63rd St,3
Public Rack - St Louis Ave & Berteau Ave,106
Public Rack - St Louis Ave & Flournoy St,21
Public Rack - State ST & 42nd St,142
Public Rack - Stewart Ave & 123rd St,42
Public Rack - Stony Island & 87th St,79
Public Rack - Stony Island & 95th St,15
Public Rack - Strohacker Park,3
Public Rack - Talman Ave & 51st St,11
Public Rack - Talman Ave & Pershing Rd,44
Public Rack - Throop St & 109th Pl,10
Public Rack - Tripp Ave & North Ave,161
Public Rack - Troy & 111th St,1
Public Rack - Union Ave & 111th St,15
Public Rack - Vincennes Ave & 77th St,527
Public Rack - Vincennes Ave & 95th St,40
Public Rack - Wabash Ave & 87th St,10
Public Rack - Walden Pkwy & 103rd St,70
Public Rack - Walden Pkwy & 99th St,10
Public Rack - Wallace St & 119th St,47
Public Rack - Waller Ave & Chicago Ave,18
Public Rack - Washington Park Ct & 51st St,9
Public Rack - Washtenaw Ave & Devon Ave,456
Public Rack - Washtenaw Ave & Superior St,1017
Public Rack - Wentworth Ave & 103rd St,11
Public Rack - Wentworth Ave & 79th St,17
Public Rack - West Chatham Park,7
Public Rack - Western Ave & 100th St,44
Public Rack - Western Ave & 104th St - East,2
Public Rack - Western Ave & 104th St - West,6
Public Rack - Western Ave & 105th St,28
Public Rack - Western Ave & 106th St - East,17
Public Rack - Western Ave & 107th Pl,4
Public Rack - Western Ave & 107th St,5
Public Rack - Western Ave & 110th St,68
Public Rack - Western Ave & 111th St - NW,5
Public Rack - Western Ave & 116th St,3
Public Rack - Western Ave & 118th St,9
Public Rack - Western Ave & 47th Pl,123
Public Rack - Western Ave & 79th St,23
Public Rack - Western Ave & 92nd Pl,15
Public Rack - Western Ave & 96th St,121
Public Rack - Western Ave & 98th St,24
Public Rack - Western Ave & Devon Ave,695
Public Rack - Western Ave & Jarvis Ave,250
Public Rack - Western Blvd & 49th St,165
Public Rack - Whipple St & 26th St,18
Public Rack - Whipple St & 63rd St,18
Public Rack - Wood St & 103rd St,29
Public Rack - Wood St & 47th St,77
Public Rack - Woodlawn Ave & 63rd St - NE,2143
Public Rack - Woodlawn Ave & 63rd St - SE,149
Public Rack - Woodlawn Ave & 63rd St N,573
Public Rack - Woodlawn Ave & 63rd St S,109
Public Rack - Yates Ave & 100th St,3
Public Rack - Zapata Academy,23
Pulaski & 52nd,46
Pulaski & Ann Lurie Pl,192
Pulaski Rd & 21st St,675
Pulaski Rd & 40th St,6
Pulaski Rd & 41st,13
Pulaski Rd & 44th St,175
Pulaski Rd & 51st Rd,56
Pulaski Rd & 51st St,1115
Pulaski Rd & 60th St,267
Pulaski Rd & Armitage Ave,739
Pulaski Rd & Congress Pkwy,176
Pulaski Rd & Eddy St,734
Pulaski Rd & Fullerton Ave,187
Pulaski Rd & Lake St,161
Pullman - Planet Fitness,9
Pullman - Ross Dress for Less,17
Pullman - Walmart,132
Pullman Community Center,18
Racine Ave & 109th Pl,159
Racine Ave & 13th St,915
Racine Ave & 15th St,3010
Racine Ave & 18th St,6906
Racine Ave & 35th St,1178
Racine Ave & 61st St,58
Racine Ave & 65th St,64
Racine Ave & 74th St,47
Racine Ave & 76th,67
Racine Ave & 83rd St,5
Racine Ave & Belmont Ave,13782
Racine Ave & Congress Pkwy,6762
Racine Ave & Fullerton Ave,16287
Racine Ave & Garfield Blvd,210
Racine Ave & Randolph St,5506
Racine Ave & Washington Blvd,5155
Racine Ave & Wrightwood Ave,7574
Rainbow Beach,230
Ravenswood Ave & Berteau Ave,3912
Ravenswood Ave & Irving Park Rd,5567
Ravenswood Ave & Lawrence Ave,14153
Rhodes Ave & 32nd St,4603
Rhodes Ave & 71st St,52
Rhodes Ave & 79th St,29
Richmond St & 59th St,206
Richmond St & Diversey Ave,3193
Richmond St & Lincoln Ave,519
Ridge Blvd & Howard St,705
Ridge Blvd & Touhy Ave,723
Ritchie Ct & Banks St,11956
Robert Fulton Elementary School,174
Rockwell & 111th St,49
Rockwell Ave & Touhy Ave,225
Rockwell St & 57th St,350
Rockwell St & 63rd St,188
Rockwell St & Archer Ave,1227
Rockwell St & Cermak Rd,1442
Rockwell St & Eastwood Ave,3446
Rockwell St & Fletcher St,4104
Roscoe & Harlem,111
Rush St & Cedar St,16460
Rush St & Hubbard St,9453
Rush St & Superior St,14752
Rutherford Ave & Belmont Ave,18
S Aberdeen St & W 106th St,322
S Michigan Ave & E 118th St,41
S Wentworth Ave & W 111th St,68
Sacramento Ave & 25th St,986
Sacramento Ave & Devon Ave,231
Sacramento Ave & Greenleaf Ave,17
Sacramento Ave & Pershing Rd,542
Sacramento Blvd & Addison St,1642
Sacramento Blvd & Division St,2
Sacramento Blvd & Franklin Blvd,439
Sacramento Blvd & Fulton Ave,282
Sacramento Blvd & Polk St,231
Sacramento Blvd & Washington Blvd,17
Sangamon St & 79th St,53
Sangamon St & Lake St,8464
Sangamon St & Washington Blvd,8843
Sawyer Ave & 111th St,17
Sawyer Ave & Bryn Mawr Ave - SE,13
Sawyer Ave & Irving Park Rd,1150
Sawyer Ave & Lawrence Ave,33
Sayre & Diversey,611
Sedgwick St & Huron St,10098
Sedgwick St & North Ave,15133
Sedgwick St & Schiller St,4245
Sedgwick St & Webster Ave,13726
Seeley Ave & Garfield Blvd,143
Seeley Ave & Roscoe St,6298
Senka "Edward Duke" Park,6
Shabbona Park,356
Shedd Aquarium,23389
Sheffield Ave & Fullerton Ave,22419
Sheffield Ave & Kingsbury St,13243
Sheffield Ave & Waveland Ave,21997
Sheffield Ave & Webster Ave,17031
Sheffield Ave & Wellington Ave,17347
Sheffield Ave & Willow St,11019
Sheffield Ave & Wrightwood Ave,16478
Sheridan Rd & Argyle St,3160
Sheridan Rd & Buena Ave,8698
Sheridan Rd & Columbia Ave,3303
Sheridan Rd & Greenleaf Ave,1980
Sheridan Rd & Irving Park Rd,16764
Sheridan Rd & Lawrence Ave,6339
Sheridan Rd & Loyola Ave,4442
Sheridan Rd & Montrose Ave,13963
Sheridan Rd & Noyes St (NU),5164
Shields Ave & 28th Pl,2683
Shields Ave & 31st St,3980
Shields Ave & 43rd St,274
Shore Dr & 55th St,11402
Smith Park,2161
South Chicago Ave & 83rd St,77
South Chicago Ave & Elliot Ave,24
South Shore Dr & 67th St,1103
South Shore Dr & 71st St,1519
South Shore Dr & 74th St,524
South Shore High School,148
Southport Ave & Belmont Ave,11571
Southport Ave & Clark St,2860
Southport Ave & Clybourn Ave,10580
Southport Ave & Irving Park Rd,7585
Southport Ave & Roscoe St,19841
Southport Ave & Waveland Ave,18178
Southport Ave & Wellington Ave,12457
Southport Ave & Wrightwood Ave,11891
Spaulding Ave & 16th St,425
Spaulding Ave & 63rd St,379
Spaulding Ave & Armitage Ave,5312
Spaulding Ave & Bryn Mawr Ave,218
Spaulding Ave & Division St,2714
Spaulding Ave & Evergreen Ave,285
Spaulding Ave & Foster Ave,11
Spaulding Ave & North Ave,1741
Springfield Ave & 47th St,221
Springfield Ave & 63rd St,68
St Louis Ave & 59th St,422
St Louis Ave & Berteau Ave,34
St Louis Ave & Norman Bobbins Ave,293
St. Clair St & Erie St,24240
St. Louis Ave & Balmoral Ave,898
St. Louis Ave & Fullerton Ave,3595
State St & 123rd St,76
State St & 19th St,2675
State St & 29th St,1189
State St & 33rd St,13335
State St & 35th St,4899
State St & 47th st,154
State St & 54th St,161
State St & 76th St,58
State St & 79th St,475
State St & 95th St,599
State St & Chicago Ave,18730
State St & Harrison St,6734
State St & Kinzie St,15233
State St & Pearson St,7212
State St & Pershing Rd,226
State St & Randolph St,18055
State St & Van Buren St,8645
Stave St & Armitage Ave,4559
Steelworkers Park,72
Stetson Ave & South Water St,10368
Stewart Ave & 123rd St,37
Stewart Ave & 63rd St,185
Stewart Ave & 83rd St,135
Stockton Dr & Wrightwood Ave,15583
Stony Is Ave & 73rd St,155
Stony Island & 95th St,14
Stony Island Ave & 64th St,425
Stony Island Ave & 67th St,439
Stony Island Ave & 71st St,378
Stony Island Ave & 75th St,367
Stony Island Ave & 82nd St,189
Stony Island Ave & 86th St,82
Stony Island Ave & 90th St,156
Stony Island Ave & South Chicago Ave,117
Streeter Dr & Grand Ave,72967
Strohacker Park,21
Summit Ave & 86th St,158
Talman Ave & 51st St - midblock,112
Talman Ave & Addison St,3431
The Montessori School of Englewood,30
Theater on the Lake,31927
Throop St & 109th Pl,1
Throop St & 52nd St,109
Throop St & 58th St,93
Throop St & Taylor St,7365
Torrence Ave  & 106th St,21
Torrence Ave & 103rd St,4
Torrence Ave & 106th St,124
Torrence Ave & 126th Pl,77
Torrence Ave & 98th St,2
Tripp Ave & 15th St,189
Tripp Ave & 31st St,131
Tripp Ave & 65th St,283
Troy & 111th St,1
Troy Ave & 27th St,163
Troy St & Elston Ave,2580
Troy St & Grace St,4079
Troy St & Jackson Blvd,123
Troy St & North Ave,3294
Trumbull Ave & 111th St,8
Tuley (Murray) Park,83
Union Ave & Root St,431
University Ave & 57th St,24804
University Library (NU),2858
Valli Produce - Evanston Plaza,755
Vernon Ave & 107th St,120
Vernon Ave & 75th St,169
Vernon Ave & 79th St,199
Vincennes Ave & 104th St,104
Vincennes Ave & 75th St,85
Vincennes Ave & 87th St,11
Vincennes Ave & 95th Pl,5
Vincennes Ave & 99th St,19
Virginia Ave & Catalpa Ave,1036
W 103rd St & S Avers Ave,206
W Armitage Ave & N Sheffield Ave,10023
W Oakdale Ave & N Broadway,11829
W Washington Blvd & N Peoria St,10607
Wabash Ave & 16th St,7704
Wabash Ave & 83rd St,53
Wabash Ave & 87th St,480
Wabash Ave & 9th St,14089
Wabash Ave & Adams St,9641
Wabash Ave & Cermak Rd,3634
Wabash Ave & Grand Ave,26021
Wabash Ave & Roosevelt Rd,20673
Wabash Ave & Wacker Pl,11975
Wacker Dr & Washington St,8718
Walden Pkwy & 100th St,266
Walden Pkwy & 103rd St,91
Walden Pkwy & 99th St,25
Wallace St & 112 St,28
Wallace St & 35th St,1775
Waller Ave & Chicago Ave,47
Walsh Park,7360
Warren Park East,1034
Warren Park West,1200
Washtenaw Ave & 63rd St,19
Washtenaw Ave & Lawrence Ave,2937
Washtenaw Ave & Madison St,527
Washtenaw Ave & Ogden Ave,962
Washtenaw Ave & Peterson Ave,598
Washtenaw Ave & Polk St,2035
Washtenaw Ave & Superior St,324
Wells St & 19th St,2335
Wells St & Concord Ln,35679
Wells St & Elm St,29098
Wells St & Evergreen Ave,19726
Wells St & Hubbard St,22497
Wells St & Huron St,23654
Wells St & Institute Pl,340
Wells St & Polk St,9551
Wells St & Walton St,8813
Wentworth Ave & 103rd St,26
Wentworth Ave & 104th St,35
Wentworth Ave & 24th St,2344
Wentworth Ave & 33rd St,2972
Wentworth Ave & 35th St,1730
Wentworth Ave & 63rd St,380
Wentworth Ave & 79th St,32
Wentworth Ave & Cermak Rd,10223
West Chatham Park,53
Western & 28th - Velasquez Institute Vaccination Site,222
Western Ave & 100th St,123
Western Ave & 104th St,230
Western Ave & 104th St - East,11
Western Ave & 105th St,22
Western Ave & 106th St - East,61
Western Ave & 106th St - West,8
Western Ave & 111th St,265
Western Ave & 111th St - NW,37
Western Ave & 111th St - SE,9
Western Ave & 111th St - SW,64
Western Ave & 116th St,9
Western Ave & 118th St,42
Western Ave & 21st St,1490
Western Ave & 24th St,987
Western Ave & 28th St,29
Western Ave & 62nd St,95
Western Ave & 79th St,251
Western Ave & 92nd Pl,51
Western Ave & Ardmore Ave,738
Western Ave & Berteau Ave,2237
Western Ave & Congress Pkwy,3789
Western Ave & Division St,4879
Western Ave & Fillmore St,5634
Western Ave & Grace St,2936
Western Ave & Granville Ave,1414
Western Ave & Gunnison St,3640
Western Ave & Howard St,1119
Western Ave & Jarvis Ave,147
Western Ave & Lake St,526
Western Ave & Leland Ave,7832
Western Ave & Lunt Ave,1537
Western Ave & Monroe St,2307
Western Ave & Roscoe St,3615
Western Ave & Walton St,7279
Western Ave & Winnebago Ave,9812
Western Blvd & 48th Pl,355
Western Blvd & 49th St,292
Western Blvd & 53rd St,2
Whippie St & 26th St,1
Whipple St & Roosevelt Rd,178
Whipple/Irving Park,888
William Rainey Harper High School,85
Wilton Ave & Belmont Ave,25762
Wilton Ave & Diversey Pkwy,18348
Winchester (Ravenswood) Ave & Balmoral Ave,2329
Winchester Ave & 87th St,22
Winchester Ave & Elston Ave,3786
Winthrop Ave & Lawrence Ave,6203
Wolcott (Ravenswood) Ave & Montrose Ave,5236
Wolcott Ave & 61st St,99
Wolcott Ave & Fargo Ave,449
Wolcott Ave & Polk St,9978
Wood St & 103rd St,133
Wood St & 35th St,853
Wood St & 47th St,214
Wood St & Augusta Blvd,5388
Wood St & Chicago Ave,7070
Wood St & Hubbard St,4185
Wood St & Milwaukee Ave,14349
Wood St & Taylor St,6214
Wood St & Webster Ave,1096
Woodlawn & 103rd - Olive Harvey Vaccination Site,72
Woodlawn Ave & 55th St,8124
Woodlawn Ave & 75th St,52
Woodlawn Ave & Lake Park Ave,1412
Yale Ave & 119th St,4
Yates Blvd & 75th St,301
Yates Blvd & 93rd St,68
Yates Blvd & Exchange Ave,871
Zapata Academy,2
